[WebServer] (node:28421) Warning: The 'NO_COLOR' env is ignored due to the 'FORCE_COLOR' env being set.
[WebServer] (Use `node --trace-warnings ...` to show where the warning was created)

[WebServer] (node:29657) Warning: The 'NO_COLOR' env is ignored due to the 'FORCE_COLOR' env being set.
[WebServer] (Use `node --trace-warnings ...` to show where the warning was created)

[WebServer]
[WebServer] (!) Some chunks are larger than 500 kB after minification. Consider:
[WebServer] - Using dynamic import() to code-split the application
[WebServer] - Use build.rollupOptions.output.manualChunks to improve chunking: https://rollupjs.org/configuration-options/#output-manualchunks
[WebServer] - Adjust chunk size limit for this warning via build.chunkSizeWarningLimit.

[WebServer] (node:30140) Warning: The 'NO_COLOR' env is ignored due to the 'FORCE_COLOR' env being set.
[WebServer] (Use `node --trace-warnings ...` to show where the warning was created)

TAP version 13
# Subtest: issue-1447-c2: production data and local agent traffic use separate authenticated bases
ok 1 - issue-1447-c2: production data and local agent traffic use separate authenticated bases
  ---
  duration_ms: 945.837625
  type: 'test'
  ...
# Subtest: issue-1447-c2: configurable production base accepts servers but rejects unsafe URL forms
ok 2 - issue-1447-c2: configurable production base accepts servers but rejects unsafe URL forms
  ---
  duration_ms: 426.848875
  type: 'test'
  ...
# Subtest: issue-1521: invalid persisted composer shortcuts fall back to Enter
ok 3 - issue-1521: invalid persisted composer shortcuts fall back to Enter
  ---
  duration_ms: 0.773625
  type: 'test'
  ...
# Subtest: issue-1521: the selected composer shortcut matches only its advertised chord
ok 4 - issue-1521: the selected composer shortcut matches only its advertised chord
  ---
  duration_ms: 0.585292
  type: 'test'
  ...

Running 503 tests using 1 worker

(node:30209) Warning: The 'NO_COLOR' env is ignored due to the 'FORCE_COLOR' env being set.
(Use `node --trace-warnings ...` to show where the warning was created)


[1/503] tests/agents-add-project.spec.ts:80:1 › add an empty project, reload, select it and create a correctly bound session without running an agent
[2/503] tests/agents-add-project.spec.ts:108:1 › manual validation, duplicate directory, backend path error and failed save stay in the form and preserve selection
[3/503] tests/agents-add-project.spec.ts:130:1 › native picker cancellation and form Escape preserve path, selection and focus without creating anything
[4/503] tests/agents-add-project.spec.ts:143:1 › picker selection supports long paths and advanced creation inherits only the chosen project context
[5/503] tests/agents-add-project.spec.ts:160:1 › gateway preserves project fields, existing request auth and readable backend errors
[6/503] tests/agents-add-project.spec.ts:176:1 › live sandbox project persists and a new session retains its exact directory and project identity
[7/503] tests/agents-rail-child-loading.spec.ts:62:1 › initial load, paging, nested parents and repeated activation preserve selection and scroll
[8/503] tests/agents-rail-child-loading.spec.ts:107:1 › failure has inline Retry and does not block other parents; expired cursors restart that branch
[9/503] tests/agents-rail-child-loading.spec.ts:124:40 › continuations are accessible at 200 percent in a narrow light RTL rail
[10/503] tests/agents-rail-child-loading.spec.ts:124:40 › continuations are accessible at 200 percent in a narrow dark RTL rail
[11/503] tests/agents-rail-view-options.spec.ts:4:1 › view options replaces standalone checkboxes and supports keyboard selection and return focus
[12/503] tests/agents-rail-view-options.spec.ts:35:1 › archive is an explicit view with an obvious return path, without mutating sessions
[13/503] tests/agents-rail-view-options.spec.ts:51:1 › sort, archive, and density preferences persist across reload and stay isolated per account
[14/503] tests/agents-rail-view-options.spec.ts:96:40 › narrow rail at 200 percent with RTL keeps light view options contained and accessible
[15/503] tests/agents-rail-view-options.spec.ts:96:40 › narrow rail at 200 percent with RTL keeps dark view options contained and accessible
[16/503] tests/contract/daily-work-dashboard-live-20260912.spec.ts:4:34 › dashboard-live: persisted task and step status, drafts and artifact state at 1440
[17/503] tests/contract/daily-work-dashboard-live-20260912.spec.ts:4:34 › dashboard-live: persisted task and step status, drafts and artifact state at 390
[18/503] tests/contract/daily-work-planner-20260912.spec.ts:4:40 › planner-textzoom-c1: 1440px titles remain fully visible at 200% root text
tests/contract/daily-work-planner-20260912.spec.ts:4:40 › planner-textzoom-c1: 1440px titles remain fully visible at 200% root text
text200 1440 [{"text":"Monday: Confirm room access plan","font":"26px","line":"36px","content":216,"visible":216,"height":259,"contained":true,"overlap":0,"targetWidth":44,"targetHeight":44},{"text":"Monday: Review volunteer coverage","font":"26px","line":"36px","content":252,"visible":252,"height":295,"contained":true,"overlap":0,"targetWidth":44,"targetHeight":44},{"text":"Monday: Draft team handoff note","font":"26px","line":"36px","content":180,"visible":180,"height":223,"contained":true,"overlap":0,"targetWidth":44,"targetHeight":44},{"text":"Monday: Check supply inventory","font":"26px","line":"36px","content":180,"visible":180,"height":223,"contained":true,"overlap":0,"targetWidth":44,"targetHeight":44},{"text":"Monday: Confirm accessibility needs","font":"26px","line":"36px","content":216,"visible":216,"height":259,"contained":true,"overlap":0,"targetWidth":44,"targetHeight":44},{"text":"Monday: Reconcile schedule conflicts","font":"26px","line":"36px","content":252,"visible":252,"height":295,"contained":true,"overlap":0,"targetWidth":44,"targetHeight":44},{"text":"Monday: Send owner reminder","font":"26px","line":"36px","content":180,"visible":180,"height":223,"contained":true,"overlap":0,"targetWidth":44,"targetHeight":44},{"text":"Monday: Review vendor delivery","font":"26px","line":"36px","content":180,"visible":180,"height":223,"contained":true,"overlap":0,"targetWidth":44,"targetHeight":44},{"text":"Monday: Prepare print materials","font":"26px","line":"36px","content":216,"visible":216,"height":259,"contained":true,"overlap":0,"targetWidth":44,"targetHeight":44},{"text":"Monday: Validate livestream backup","font":"26px","line":"36px","content":216,"visible":216,"height":259,"contained":true,"overlap":0,"targetWidth":44,"targetHeight":44},{"text":"Monday: Confirm childcare roster","font":"26px","line":"36px","content":180,"visible":180,"height":223,"contained":true,"overlap":0,"targetWidth":44,"targetHeight":44},{"text":"Monday: Update facility checklist","font":"26px","line":"36px","content":216,"visible":216,"height":259,"contained":true,"overlap":0,"targetWidth":44,"targetHeight":44},{"text":"Monday: Review open approvals","font":"26px","line":"36px","content":216,"visible":216,"height":259,"contained":true,"overlap":0,"targetWidth":44,"targetHeight":44},{"text":"Monday: Schedule translation review","font":"26px","line":"36px","content":252,"visible":252,"height":295,"contained":true,"overlap":0,"targetWidth":44,"targetHeight":44},{"text":"Monday: Close pending follow-ups","font":"26px","line":"36px","content":180,"visible":180,"height":223,"contained":true,"overlap":0,"targetWidth":44,"targetHeight":44}]

[19/503] tests/contract/daily-work-planner-20260912.spec.ts:4:40 › planner-textzoom-c1: 1024px titles remain fully visible at 200% root text
tests/contract/daily-work-planner-20260912.spec.ts:4:40 › planner-textzoom-c1: 1024px titles remain fully visible at 200% root text
text200 1024 [{"text":"Monday: Confirm room access plan","font":"26px","line":"36px","content":216,"visible":216,"height":259,"contained":true,"overlap":0,"targetWidth":44,"targetHeight":44},{"text":"Monday: Review volunteer coverage","font":"26px","line":"36px","content":252,"visible":252,"height":295,"contained":true,"overlap":0,"targetWidth":44,"targetHeight":44},{"text":"Monday: Draft team handoff note","font":"26px","line":"36px","content":180,"visible":180,"height":223,"contained":true,"overlap":0,"targetWidth":44,"targetHeight":44},{"text":"Monday: Check supply inventory","font":"26px","line":"36px","content":180,"visible":180,"height":223,"contained":true,"overlap":0,"targetWidth":44,"targetHeight":44},{"text":"Monday: Confirm accessibility needs","font":"26px","line":"36px","content":216,"visible":216,"height":259,"contained":true,"overlap":0,"targetWidth":44,"targetHeight":44},{"text":"Monday: Reconcile schedule conflicts","font":"26px","line":"36px","content":252,"visible":252,"height":295,"contained":true,"overlap":0,"targetWidth":44,"targetHeight":44},{"text":"Monday: Send owner reminder","font":"26px","line":"36px","content":180,"visible":180,"height":223,"contained":true,"overlap":0,"targetWidth":44,"targetHeight":44},{"text":"Monday: Review vendor delivery","font":"26px","line":"36px","content":180,"visible":180,"height":223,"contained":true,"overlap":0,"targetWidth":44,"targetHeight":44},{"text":"Monday: Prepare print materials","font":"26px","line":"36px","content":216,"visible":216,"height":259,"contained":true,"overlap":0,"targetWidth":44,"targetHeight":44},{"text":"Monday: Validate livestream backup","font":"26px","line":"36px","content":216,"visible":216,"height":259,"contained":true,"overlap":0,"targetWidth":44,"targetHeight":44},{"text":"Monday: Confirm childcare roster","font":"26px","line":"36px","content":180,"visible":180,"height":223,"contained":true,"overlap":0,"targetWidth":44,"targetHeight":44},{"text":"Monday: Update facility checklist","font":"26px","line":"36px","content":216,"visible":216,"height":259,"contained":true,"overlap":0,"targetWidth":44,"targetHeight":44},{"text":"Monday: Review open approvals","font":"26px","line":"36px","content":216,"visible":216,"height":259,"contained":true,"overlap":0,"targetWidth":44,"targetHeight":44},{"text":"Monday: Schedule translation review","font":"26px","line":"36px","content":252,"visible":252,"height":295,"contained":true,"overlap":0,"targetWidth":44,"targetHeight":44},{"text":"Monday: Close pending follow-ups","font":"26px","line":"36px","content":180,"visible":180,"height":223,"contained":true,"overlap":0,"targetWidth":44,"targetHeight":44}]

[20/503] tests/contract/daily-work-planner-20260912.spec.ts:4:40 › planner-textzoom-c1: 390px titles remain fully visible at 200% root text
tests/contract/daily-work-planner-20260912.spec.ts:4:40 › planner-textzoom-c1: 390px titles remain fully visible at 200% root text
text200 390 [{"text":"Monday: Confirm room access plan","font":"26px","line":"36px","content":72,"visible":72,"height":115,"contained":true,"overlap":0,"targetWidth":44,"targetHeight":44},{"text":"Monday: Review volunteer coverage","font":"26px","line":"36px","content":72,"visible":72,"height":115,"contained":true,"overlap":0,"targetWidth":44,"targetHeight":44},{"text":"Monday: Draft team handoff note","font":"26px","line":"36px","content":72,"visible":72,"height":115,"contained":true,"overlap":0,"targetWidth":44,"targetHeight":44},{"text":"Monday: Check supply inventory","font":"26px","line":"36px","content":72,"visible":72,"height":115,"contained":true,"overlap":0,"targetWidth":44,"targetHeight":44},{"text":"Monday: Confirm accessibility needs","font":"26px","line":"36px","content":72,"visible":72,"height":115,"contained":true,"overlap":0,"targetWidth":44,"targetHeight":44},{"text":"Monday: Reconcile schedule conflicts","font":"26px","line":"36px","content":72,"visible":72,"height":115,"contained":true,"overlap":0,"targetWidth":44,"targetHeight":44},{"text":"Monday: Send owner reminder","font":"26px","line":"36px","content":72,"visible":72,"height":115,"contained":true,"overlap":0,"targetWidth":44,"targetHeight":44},{"text":"Monday: Review vendor delivery","font":"26px","line":"36px","content":72,"visible":72,"height":115,"contained":true,"overlap":0,"targetWidth":44,"targetHeight":44},{"text":"Monday: Prepare print materials","font":"26px","line":"36px","content":72,"visible":72,"height":115,"contained":true,"overlap":0,"targetWidth":44,"targetHeight":44},{"text":"Monday: Validate livestream backup","font":"26px","line":"36px","content":72,"visible":72,"height":115,"contained":true,"overlap":0,"targetWidth":44,"targetHeight":44},{"text":"Monday: Confirm childcare roster","font":"26px","line":"36px","content":72,"visible":72,"height":115,"contained":true,"overlap":0,"targetWidth":44,"targetHeight":44},{"text":"Monday: Update facility checklist","font":"26px","line":"36px","content":72,"visible":72,"height":115,"contained":true,"overlap":0,"targetWidth":44,"targetHeight":44},{"text":"Monday: Review open approvals","font":"26px","line":"36px","content":72,"visible":72,"height":115,"contained":true,"overlap":0,"targetWidth":44,"targetHeight":44},{"text":"Monday: Schedule translation review","font":"26px","line":"36px","content":72,"visible":72,"height":115,"contained":true,"overlap":0,"targetWidth":44,"targetHeight":44},{"text":"Monday: Close pending follow-ups","font":"26px","line":"36px","content":72,"visible":72,"height":115,"contained":true,"overlap":0,"targetWidth":44,"targetHeight":44}]

[21/503] tests/contract/daily-work-planner-20260912.spec.ts:39:40 › planner-p1-c1: light project labels meet normal-text contrast
tests/contract/daily-work-planner-20260912.spec.ts:39:40 › planner-p1-c1: light project labels meet normal-text contrast
light project contrast [
  11.131122605577572, 11.131122605577572,
  11.131122605577572, 11.131122605577572,
  11.131122605577572, 11.131122605577572,
  11.131122605577572, 11.131122605577572,
  11.131122605577572, 11.131122605577572,
  11.131122605577572, 11.131122605577572,
  11.131122605577572, 11.131122605577572,
  11.131122605577572, 11.131122605577572,
  11.131122605577572, 11.131122605577572,
  11.131122605577572, 11.131122605577572,
  11.131122605577572, 11.131122605577572
]

  1) tests/contract/daily-work-planner-20260912.spec.ts:39:40 › planner-p1-c1: light project labels meet normal-text contrast

    Error: expect(received).toBeLessThanOrEqual(expected)

    Expected: <= 94
    Received:    100

      69 |   for (const card of cards) {
      70 |     if (card.titleHeight <= 36) expect(card.height).toBe(64);
    > 71 |     else expect(card.height).toBeLessThanOrEqual(94);
         |                              ^
      72 |   }
      73 |   console.log('default density', cards.reduce<Record<string, number>>((counts, card) => ({ ...counts, [card.height]: (counts[card.height] ?? 0) + 1 }), {}));
      74 |   await page.screenshot({ path: testInfo.outputPath(`desktop-${theme}.png`) });
        at /Users/ajhochhalter/Documents/Rhythm/.mega-wt/integration/apps/web/tests/contract/daily-work-planner-20260912.spec.ts:71:30

    attachment #1: screenshot (image/png) ──────────────────────────────────────────────────────────
    test-results/contract-daily-work-planne-8b1a1-s-meet-normal-text-contrast/test-failed-1.png
    ────────────────────────────────────────────────────────────────────────────────────────────────

    Error Context: test-results/contract-daily-work-planne-8b1a1-s-meet-normal-text-contrast/error-context.md

    attachment #3: trace (application/zip) ─────────────────────────────────────────────────────────
    test-results/contract-daily-work-planne-8b1a1-s-meet-normal-text-contrast/trace.zip
    Usage:

        npx playwright show-trace test-results/contract-daily-work-planne-8b1a1-s-meet-normal-text-contrast/trace.zip

    ────────────────────────────────────────────────────────────────────────────────────────────────


(node:31303) Warning: The 'NO_COLOR' env is ignored due to the 'FORCE_COLOR' env being set.
(Use `node --trace-warnings ...` to show where the warning was created)


[22/503] tests/contract/daily-work-planner-20260912.spec.ts:39:40 › planner-p1-c1: dark project labels meet normal-text contrast
tests/contract/daily-work-planner-20260912.spec.ts:39:40 › planner-p1-c1: dark project labels meet normal-text contrast
dark project contrast [
  7.888771543816542, 7.888771543816542,
  7.888771543816542, 7.888771543816542,
  7.888771543816542, 7.888771543816542,
  7.888771543816542, 7.888771543816542,
  7.888771543816542, 7.888771543816542,
  7.888771543816542, 7.888771543816542,
  7.888771543816542, 7.888771543816542,
  7.888771543816542, 7.888771543816542,
  7.888771543816542, 7.888771543816542,
  7.888771543816542, 7.888771543816542,
  7.888771543816542, 7.888771543816542
]

  2) tests/contract/daily-work-planner-20260912.spec.ts:39:40 › planner-p1-c1: dark project labels meet normal-text contrast

    Error: expect(received).toBeLessThanOrEqual(expected)

    Expected: <= 94
    Received:    100

      69 |   for (const card of cards) {
      70 |     if (card.titleHeight <= 36) expect(card.height).toBe(64);
    > 71 |     else expect(card.height).toBeLessThanOrEqual(94);
         |                              ^
      72 |   }
      73 |   console.log('default density', cards.reduce<Record<string, number>>((counts, card) => ({ ...counts, [card.height]: (counts[card.height] ?? 0) + 1 }), {}));
      74 |   await page.screenshot({ path: testInfo.outputPath(`desktop-${theme}.png`) });
        at /Users/ajhochhalter/Documents/Rhythm/.mega-wt/integration/apps/web/tests/contract/daily-work-planner-20260912.spec.ts:71:30

    attachment #1: screenshot (image/png) ──────────────────────────────────────────────────────────
    test-results/contract-daily-work-planne-03fbc-s-meet-normal-text-contrast/test-failed-1.png
    ────────────────────────────────────────────────────────────────────────────────────────────────

    Error Context: test-results/contract-daily-work-planne-03fbc-s-meet-normal-text-contrast/error-context.md

    attachment #3: trace (application/zip) ─────────────────────────────────────────────────────────
    test-results/contract-daily-work-planne-03fbc-s-meet-normal-text-contrast/trace.zip
    Usage:

        npx playwright show-trace test-results/contract-daily-work-planne-03fbc-s-meet-normal-text-contrast/trace.zip

    ────────────────────────────────────────────────────────────────────────────────────────────────


(node:31478) Warning: The 'NO_COLOR' env is ignored due to the 'FORCE_COLOR' env being set.
(Use `node --trace-warnings ...` to show where the warning was created)


[23/503] tests/contract/daily-work-planner-20260912.spec.ts:78:1 › planner-p1-c2: bottom-scroll Tab keeps the focused date below the hit-testable sticky action
tests/contract/daily-work-planner-20260912.spec.ts:78:1 › planner-p1-c2: bottom-scroll Tab keeps the focused date below the hit-testable sticky action
mobile Tab geometry {
  height: 44,
  top: 149,
  bottom: 193,
  actionBottom: 201,
  fieldTop: 397.5,
  fieldBottom: 441.5,
  overlap: 0,
  hits: [ true, true ]
}

[24/503] tests/contract/daily-work-planner-20260912.spec.ts:131:1 › planner-redesign-c1: backlog and selection are opt-in, not permanent card chrome
[25/503] tests/contract/daily-work-planner-20260912.spec.ts:151:1 › planner-redesign-c2: readable dense cards keep left completion separate from drag
[26/503] tests/contract/daily-work-planner-20260912.spec.ts:179:1 › planner-redesign-c3: intermediate week stays horizontal with local overflow
[27/503] tests/contract/daily-work-planner-20260912.spec.ts:191:1 › planner-redesign-c4: narrow Agenda Today reaches today without a backlog preamble
[28/503] tests/contract/daily-work-planner-20260912.spec.ts:203:1 › planner-redesign-c5: inspector status-only completion preserves dirty notes and supports reopen
[29/503] tests/contract/daily-work-planner-20260912.spec.ts:224:1 › planner-redesign-c3 desktop: seven visible headings and seven dense rows, without sacrificing title width
tests/contract/daily-work-planner-20260912.spec.ts:224:1 › planner-redesign-c3 desktop: seven visible headings and seven dense rows, without sacrificing title width
Planner density: fifteen Monday card heights [{"height":82,"title":110},{"height":100,"title":110},{"height":82,"title":110},{"height":82,"title":110},{"height":100,"title":109},{"height":100,"title":110},{"height":64,"title":110},{"height":82,"title":110},{"height":82,"title":110},{"height":100,"title":109},{"height":82,"title":110},{"height":82,"title":110},{"height":82,"title":110},{"height":100,"title":110},{"height":82,"title":109}]

  3) tests/contract/daily-work-planner-20260912.spec.ts:224:1 › planner-redesign-c3 desktop: seven visible headings and seven dense rows, without sacrificing title width

    Error: expect(received).toBeLessThanOrEqual(expected)

    Expected: <= 94
    Received:    100

      233 |   console.log('Planner density: fifteen Monday card heights', JSON.stringify(measurements));
      234 |   expect(measurements).toHaveLength(15);
    > 235 |   expect(Math.max(...measurements.map(m => m.height))).toBeLessThanOrEqual(94);
          |                                                        ^
      236 |   expect(Math.min(...measurements.map(m => m.title))).toBeGreaterThanOrEqual(120);
      237 |   for (let i = 0; i < 7; i++) await expect(lane.locator('article').nth(i)).toBeInViewport({ ratio: 1 });
      238 | });
        at /Users/ajhochhalter/Documents/Rhythm/.mega-wt/integration/apps/web/tests/contract/daily-work-planner-20260912.spec.ts:235:56

    attachment #1: screenshot (image/png) ──────────────────────────────────────────────────────────
    test-results/contract-daily-work-planne-198bf-out-sacrificing-title-width/test-failed-1.png
    ────────────────────────────────────────────────────────────────────────────────────────────────

    Error Context: test-results/contract-daily-work-planne-198bf-out-sacrificing-title-width/error-context.md

    attachment #3: trace (application/zip) ─────────────────────────────────────────────────────────
    test-results/contract-daily-work-planne-198bf-out-sacrificing-title-width/trace.zip
    Usage:

        npx playwright show-trace test-results/contract-daily-work-planne-198bf-out-sacrificing-title-width/trace.zip

    ────────────────────────────────────────────────────────────────────────────────────────────────


(node:31760) Warning: The 'NO_COLOR' env is ignored due to the 'FORCE_COLOR' env being set.
(Use `node --trace-warnings ...` to show where the warning was created)


[30/503] tests/contract/daily-work-planner-20260912.spec.ts:240:1 › planner-redesign-c6: keyboard Move task uses date placement without changing manual deadline
[31/503] tests/contract/daily-work-planner-20260912.spec.ts:253:1 › planner-redesign-c6 fixture: inspector earlier/later persists canonical order with unavailable edge reasons
[32/503] tests/contract/daily-work-tasks-20260912.spec.ts:5:54 › tasks-child-dismiss: Escape only closes topmost picker at390 (option)
[33/503] tests/contract/daily-work-tasks-20260912.spec.ts:5:54 › tasks-child-dismiss: Escape only closes topmost picker at390 (boundary)
[34/503] tests/contract/daily-work-tasks-20260912.spec.ts:39:1 › tasks-retained-resize: mounted desktop draft and hit targets fit1440→390
[35/503] tests/contract/daily-work-tasks-20260912.spec.ts:69:1 › tasks-preservation: All completion filter survives inspector URL changes and reload
[36/503] tests/contract/daily-work-tasks-20260912.spec.ts:82:1 › tasks-preservation: query defaults are key-specific and unrelated filters survive selection
[37/503] tests/contract/daily-work-tasks-20260912.spec.ts:98:1 › tasks-dirty-switch: selection and URL wait for Save, Discard or Keep editing
[38/503] tests/contract/daily-work-tasks-20260912.spec.ts:124:3 › tasks-density: compact actionable queue at 1440
[39/503] tests/contract/daily-work-tasks-20260912.spec.ts:150:3 › tasks-inspector: sticky status-only action preserves drafts at 1440
[40/503] tests/contract/daily-work-tasks-20260912.spec.ts:124:3 › tasks-density: compact actionable queue at 390
[41/503] tests/contract/daily-work-tasks-20260912.spec.ts:150:3 › tasks-inspector: sticky status-only action preserves drafts at 390
[42/503] tests/contract/daily-work-tasks-20260912.spec.ts:185:1 › tasks-board: compact cards have sibling keyboard completion
[43/503] tests/contract/daily-work-tasks-20260912.spec.ts:198:1 › tasks-permissions: readonly and source-owned block status, collaborators can complete
[44/503] tests/contract/daily-work-tasks-20260912.spec.ts:213:1 › tasks-narrow: Escape preserves dirty fields, Discard restores focus, People stays keyboard usable
[45/503] tests/contract/daily-work-tasks-live-20260912.spec.ts:6:1 › tasks-live-binding: harness sources bind arbitrary assigned sandbox bases without retired ports
[46/503] tests/contract/daily-work-tasks-live-20260912.spec.ts:26:34 › tasks-mutation-recovery: real persisted status, pending, failed Save and retry at 1440
[47/503] tests/contract/daily-work-tasks-live-20260912.spec.ts:26:34 › tasks-mutation-recovery: real persisted status, pending, failed Save and retry at 390
[48/503] tests/contract/issue-1408-1410-1409-inspector.spec.ts:12:1 › issue-1408-c1: session changes retain before/after content and render it when expanded
[49/503] tests/contract/issue-1408-1410-1409-inspector.spec.ts:20:1 › issue-1410-c1: both file viewers write the selected path before reporting copy success
[50/503] tests/contract/issue-1408-1410-1409-inspector.spec.ts:27:1 › issue-1410-c2: clipboard rejection does not report success
[51/503] tests/contract/issue-1408-1410-1409-inspector.spec.ts:33:1 › issue-1409-c1: simulated terminal is explicitly labeled Fixture
[52/503] tests/contract/issue-1408-1410-1409-inspector.spec.ts:40:1 › issue-1409-c2: fixture commands never claim a local PTY connection
[53/503] tests/contract/issue-2001-dashboard.spec.ts:5:1 › issue-2001-c1: dashboard route renders the real page contract in the selected shell
[54/503] tests/contract/issue-2001-dashboard.spec.ts:15:1 › issue-2001-c2: ready composition and fixture values cover focus planning unread and empties
[55/503] tests/contract/issue-2001-dashboard.spec.ts:33:1 › issue-2001-c3: refresh and deterministic state matrix recover without reload
[56/503] tests/contract/issue-2001-dashboard.spec.ts:61:1 › issue-2001-c4: every enabled Dashboard control has an outcome and dialogs restore focus
[57/503] tests/contract/issue-2001-dashboard.spec.ts:79:1 › issue-2001-c5: add task validates and applies scheduling and collaborator selections
[58/503] tests/contract/issue-2001-dashboard.spec.ts:101:1 › issue-2001-c6: task completion updates the row and summary with the exact PATCH receipt
[59/503] tests/contract/issue-2001-dashboard.spec.ts:111:1 › issue-2001-c7: project-step completion updates only its project and summary
[60/503] tests/contract/issue-2001-dashboard.spec.ts:121:1 › issue-2001-c8: Planner Projects Messages and thread shortcuts use exact routes
  4) tests/contract/issue-2001-dashboard.spec.ts:121:1 › issue-2001-c8: Planner Projects Messages and thread shortcuts use exact routes

    Error: expect(page).toHaveURL(expected) failed

    Expected pattern: /#\/projects$/
    Received string:  "http://127.0.0.1:4173/#/projects?projectId=project-instance-instance-sunday-service-2026-08-16"
    Timeout: 5000ms

    Call log:
      - Expect "toHaveURL" with timeout 5000ms
        14 × locator resolved to <html lang="en" data-theme="dark">…</html>
           - unexpected value "http://127.0.0.1:4173/#/projects?projectId=project-instance-instance-sunday-service-2026-08-16"


      127 |   await openPage(page, '/dashboard');
      128 |   await page.getByTestId('open-projects').click();
    > 129 |   await expect(page).toHaveURL(/#\/projects$/);
          |                      ^
      130 |
      131 |   await openPage(page, '/dashboard');
      132 |   await page.getByTestId('open-messages').click();
        at /Users/ajhochhalter/Documents/Rhythm/.mega-wt/integration/apps/web/tests/contract/issue-2001-dashboard.spec.ts:129:22

    attachment #1: screenshot (image/png) ──────────────────────────────────────────────────────────
    test-results/contract-issue-2001-dashbo-28463--shortcuts-use-exact-routes/test-failed-1.png
    ────────────────────────────────────────────────────────────────────────────────────────────────

    Error Context: test-results/contract-issue-2001-dashbo-28463--shortcuts-use-exact-routes/error-context.md

    attachment #3: trace (application/zip) ─────────────────────────────────────────────────────────
    test-results/contract-issue-2001-dashbo-28463--shortcuts-use-exact-routes/trace.zip
    Usage:

        npx playwright show-trace test-results/contract-issue-2001-dashbo-28463--shortcuts-use-exact-routes/trace.zip

    ────────────────────────────────────────────────────────────────────────────────────────────────


(node:34153) Warning: The 'NO_COLOR' env is ignored due to the 'FORCE_COLOR' env being set.
(Use `node --trace-warnings ...` to show where the warning was created)


[61/503] tests/contract/issue-2001-dashboard.spec.ts:140:1 › issue-2001-c9: quick actions expose one explicit client-side handoff at a time
[62/503] tests/contract/issue-2001-dashboard.spec.ts:158:1 › issue-2001-c10: ready Dashboard has no serious or critical axe violations
[63/503] tests/contract/issue-2001-dashboard.spec.ts:166:1 › issue-2001-c11: Dashboard is responsive under narrow and edge-case presentation modes
[64/503] tests/contract/issue-2001-dashboard.spec.ts:186:1 › issue-2001-c12: fixture data is reload-stable and network-isolated
[65/503] tests/contract/issue-2002-planner.spec.ts:27:1 › issue-2002-c1: planner route renders the real shell and fixed current week
[66/503] tests/contract/issue-2002-planner.spec.ts:38:1 › issue-2002-c2: previous next and Today change the deterministic week and load receipt
[67/503] tests/contract/issue-2002-planner.spec.ts:56:1 › issue-2002-c3: tasks project steps calendar context and backlog occupy their source-of-truth lanes
[68/503] tests/contract/issue-2002-planner.spec.ts:67:1 › issue-2002-c4: scheduling normal work moves it and emits the correct task-family receipt
[69/503] tests/contract/issue-2002-planner.spec.ts:78:1 › issue-2002-c5: scheduling and completing a project step use project-step receipts
[70/503] tests/contract/issue-2002-planner.spec.ts:92:1 › issue-2002-c6: creating scheduled and unscheduled tasks updates plan counts with POST receipts
[71/503] tests/contract/issue-2002-planner.spec.ts:113:1 › issue-2002-c7: editing supported task details persists notes and date through the normal task patch
[72/503] tests/contract/issue-2002-planner.spec.ts:129:1 › issue-2002-c8: single and bulk completion update visible plan summaries and affirmation
[73/503] tests/contract/issue-2002-planner.spec.ts:147:1 › issue-2002-c9: client-side filters selection and dialogs have observable outcomes without fake APIs
[74/503] tests/contract/issue-2002-planner.spec.ts:169:1 › issue-2002-c10: deterministic state matrix remains actionable and Retry recovers without reload
[75/503] tests/contract/issue-2002-planner.spec.ts:196:1 › issue-2002-c11: partial records long titles and read-only calendar items remain usable
[76/503] tests/contract/issue-2002-planner.spec.ts:209:1 › issue-2002-c12: trace ledger records exact endpoint families and excludes client-only controls
[77/503] tests/contract/issue-2002-planner.spec.ts:232:1 › issue-2002-c13: Planner has no serious axe violations and modal keyboard focus is contained and restored
[78/503] tests/contract/issue-2002-planner.spec.ts:249:1 › issue-2002-c14: Planner fits target widths text scaling RTL and 44px touch targets
[79/503] tests/contract/issue-2002-planner.spec.ts:278:1 › issue-2002-c15: Planner fixtures are loopback-only and reload to the identical seeded week
[80/503] tests/contract/issue-2003-tasks.spec.ts:13:1 › issue-2003-c1: tasks route and deep links render the real page shell
[81/503] tests/contract/issue-2003-tasks.spec.ts:27:1 › issue-2003-c2: filters grouping sorting and clear recovery are deterministic
[82/503] tests/contract/issue-2003-tasks.spec.ts:61:1 › issue-2003-c3: list and board preserve selection filters and status movement
[83/503] tests/contract/issue-2003-tasks.spec.ts:84:1 › issue-2003-c4: create validates inserts clears and records exact receipts
[84/503] tests/contract/issue-2003-tasks.spec.ts:109:1 › issue-2003-c5: inspector edits supported fields and keeps source metadata read only
[85/503] tests/contract/issue-2003-tasks.spec.ts:133:1 › issue-2003-c6: complete and reopen update counts receipts and affirmation
[86/503] tests/contract/issue-2003-tasks.spec.ts:150:1 › issue-2003-c7: collaborator add remove and forbidden outcomes are observable
[87/503] tests/contract/issue-2003-tasks.spec.ts:173:1 › issue-2003-c8: delete confirmation cancel and success update list count and receipt
[88/503] tests/contract/issue-2003-tasks.spec.ts:194:1 › issue-2003-c9: state matrix and no-results expose recovery and prerequisites
[89/503] tests/contract/issue-2003-tasks.spec.ts:226:1 › issue-2003-c10: task quick actions produce a fixture session handoff
[90/503] tests/contract/issue-2003-tasks.spec.ts:242:1 › issue-2003-c11: enabled controls are identifiable live and receipt-honest
[91/503] tests/contract/issue-2003-tasks.spec.ts:261:1 › issue-2003-c12: ready editable inspector is accessible and dialog focus recovers
[92/503] tests/contract/issue-2003-tasks.spec.ts:284:1 › issue-2003-c13: tasks remains responsive at required widths text scale and rtl
[93/503] tests/contract/issue-2003-tasks.spec.ts:306:1 › issue-2003-c14: fixture isolation blocks external I O and reload resets deterministically
[94/503] tests/contract/issue-2003-tasks.spec.ts:326:1 › issue-2003-c15: selecting a task keeps the queue visible and synchronizes a persistent inspector
[95/503] tests/contract/issue-2004-rhythms.spec.ts:13:1 › issue-2004-c1: rhythms route and deep links render the real page shell
[96/503] tests/contract/issue-2004-rhythms.spec.ts:30:1 › issue-2004-c2: ready list exposes exact schedules progress and enabled state without invented filters
[97/503] tests/contract/issue-2004-rhythms.spec.ts:49:1 › issue-2004-c3: selected detail exposes deterministic ownership progress and next due data
[98/503] tests/contract/issue-2004-rhythms.spec.ts:65:1 › issue-2004-c4: create validates recurrence and supported step template fields
[99/503] tests/contract/issue-2004-rhythms.spec.ts:104:1 › issue-2004-c5: edit prepopulates validates and updates supported fields
[100/503] tests/contract/issue-2004-rhythms.spec.ts:127:1 › issue-2004-c6: enable and pause update the selected rule with exact receipts
[101/503] tests/contract/issue-2004-rhythms.spec.ts:144:1 › issue-2004-c7: collaborator add remove and owner prerequisite are observable
[102/503] tests/contract/issue-2004-rhythms.spec.ts:167:1 › issue-2004-c8: delete confirmation preserves generated-task truth and updates selection
[103/503] tests/contract/issue-2004-rhythms.spec.ts:186:1 › issue-2004-c9: deterministic state matrix remains actionable and read only is native
[104/503] tests/contract/issue-2004-rhythms.spec.ts:213:1 › issue-2004-c10: enabled controls are identifiable live and dialogs restore focus
[105/503] tests/contract/issue-2004-rhythms.spec.ts:236:1 › issue-2004-c11: trace ledger is exact append only and excludes unused endpoint families
[106/503] tests/contract/issue-2004-rhythms.spec.ts:253:1 › issue-2004-c12: ready page and dialogs are accessible
[107/503] tests/contract/issue-2004-rhythms.spec.ts:273:1 › issue-2004-c13: rhythms is responsive under required widths text scale rtl and touch sizing
[108/503] tests/contract/issue-2004-rhythms.spec.ts:301:1 › issue-2004-c14: fixture isolation blocks external io and reload resets deterministically
[109/503] tests/contract/issue-2005-projects.spec.ts:16:1 › issue-2005-c1: projects route and deep links render distinct real surfaces
[110/503] tests/contract/issue-2005-projects.spec.ts:38:1 › issue-2005-c2: template create edit and delete validate and receipt exactly
[111/503] tests/contract/issue-2005-projects.spec.ts:69:1 › issue-2005-c3: template steps validate preserve ordering and use nested receipts
[112/503] tests/contract/issue-2005-projects.spec.ts:104:1 › issue-2005-c4: start project previews validates generates and shows success
[113/503] tests/contract/issue-2005-projects.spec.ts:124:1 › issue-2005-c5: completion filtering and derived instance status stay consistent
[114/503] tests/contract/issue-2005-projects.spec.ts:143:1 › issue-2005-c6: project step inspector edits supported fields and preserves context
[115/503] tests/contract/issue-2005-projects.spec.ts:163:1 › issue-2005-c7: collaborator changes enforce owner rules and exact receipts
[116/503] tests/contract/issue-2005-projects.spec.ts:189:1 › issue-2005-c8: milestones add assign ungroup and delete update the timeline
[117/503] tests/contract/issue-2005-projects.spec.ts:222:1 › issue-2005-c9: active project delete removes only its instance with exact receipt
[118/503] tests/contract/issue-2005-projects.spec.ts:243:1 › issue-2005-c10: projects state matrix exposes recovery empties and prerequisites
[119/503] tests/contract/issue-2005-projects.spec.ts:278:1 › issue-2005-c11: enabled controls are live identifiable and receipt honest
[120/503] tests/contract/issue-2005-projects.spec.ts:296:1 › issue-2005-c12: projects and dialogs are accessible with focus recovery
[121/503] tests/contract/issue-2005-projects.spec.ts:349:1 › issue-2005-c13: projects remains responsive at required widths text scale and rtl
  5) tests/contract/issue-2005-projects.spec.ts:349:1 › issue-2005-c13: projects remains responsive at required widths text scale and rtl

    Error: expect(locator).toBeVisible() failed

    Locator: getByText('إطلاق خدمة المجتمع - 准备礼拜 🎵', { exact: true })
    Expected: visible
    Error: strict mode violation: getByText('إطلاق خدمة المجتمع - 准备礼拜 🎵', { exact: true }) resolved to 2 elements:
        1) <strong title="إطلاق خدمة المجتمع - 准备礼拜 🎵">إطلاق خدمة المجتمع - 准备礼拜 🎵</strong> aka getByTestId('project-template-template-weekend-service').getByText('إطلاق خدمة المجتمع - 准备礼拜 🎵')
        2) <h2 tabindex="-1" id=":r1:-heading">إطلاق خدمة المجتمع - 准备礼拜 🎵</h2> aka getByRole('heading', { name: 'إطلاق خدمة المجتمع - 准备礼拜 🎵' })

    Call log:
      - Expect "toBeVisible" with timeout 5000ms
      - waiting for getByText('إطلاق خدمة المجتمع - 准备礼拜 🎵', { exact: true })


      367 |     document.documentElement.lang = 'ar';
      368 |   });
    > 369 |   await expect(page.getByText('إطلاق خدمة المجتمع - 准备礼拜 🎵', { exact: true })).toBeVisible();
          |                                                                                 ^
      370 |   const resilientOverflow = await page.evaluate(() => ({ client: document.documentElement.clientWidth, scroll: document.documentElement.scrollWidth }));
      371 |   expect(resilientOverflow.scroll).toBeLessThanOrEqual(resilientOverflow.client + 1);
      372 |   await expect(page.getByTestId('project-start')).toBeVisible();
        at /Users/ajhochhalter/Documents/Rhythm/.mega-wt/integration/apps/web/tests/contract/issue-2005-projects.spec.ts:369:81

    attachment #1: screenshot (image/png) ──────────────────────────────────────────────────────────
    test-results/contract-issue-2005-projec-fd102-d-widths-text-scale-and-rtl/test-failed-1.png
    ────────────────────────────────────────────────────────────────────────────────────────────────

    Error Context: test-results/contract-issue-2005-projec-fd102-d-widths-text-scale-and-rtl/error-context.md

    attachment #3: trace (application/zip) ─────────────────────────────────────────────────────────
    test-results/contract-issue-2005-projec-fd102-d-widths-text-scale-and-rtl/trace.zip
    Usage:

        npx playwright show-trace test-results/contract-issue-2005-projec-fd102-d-widths-text-scale-and-rtl/trace.zip

    ────────────────────────────────────────────────────────────────────────────────────────────────


(node:41732) Warning: The 'NO_COLOR' env is ignored due to the 'FORCE_COLOR' env being set.
(Use `node --trace-warnings ...` to show where the warning was created)


[122/503] tests/contract/issue-2005-projects.spec.ts:375:1 › issue-2005-c14: fixture isolation blocks external I O and reload resets deterministically
[123/503] tests/contract/issue-2005-projects.spec.ts:394:1 › issue-2005-c15: active projects use a persistent list and synchronized detail inspector
[124/503] tests/contract/issue-2006-messages.spec.ts:19:1 › issue-2006-c1: messages collection and thread deep links render the real page shell
[125/503] tests/contract/issue-2006-messages.spec.ts:32:1 › issue-2006-c2: search filters deterministic threads without changing the six unread baseline
  6) tests/contract/issue-2006-messages.spec.ts:32:1 › issue-2006-c2: search filters deterministic threads without changing the six unread baseline

    Error: expect(locator).toHaveCount(expected) failed

    Locator:  getByTestId('messages-thread-list').locator('[data-unread="true"]')
    Expected: 6
    Received: 0
    Timeout:  5000ms

    Call log:
      - Expect "toHaveCount" with timeout 5000ms
      - waiting for getByTestId('messages-thread-list').locator('[data-unread="true"]')
        14 × locator resolved to 0 elements
           - unexpected value "0"


      35 |   await expectMessagesPage(page);
      36 |   await expect(page.getByTestId('messages-unread-total')).toHaveText('6 unread threads');
    > 37 |   await expect(page.getByTestId('messages-thread-list').locator('[data-unread="true"]')).toHaveCount(6);
         |                                                                                          ^
      38 |   const traceBefore = await page.getByTestId('page-trace').textContent();
      39 |
      40 |   await page.getByTestId('messages-thread-search').fill('wEeKeNd');
        at /Users/ajhochhalter/Documents/Rhythm/.mega-wt/integration/apps/web/tests/contract/issue-2006-messages.spec.ts:37:90

    attachment #1: screenshot (image/png) ──────────────────────────────────────────────────────────
    test-results/contract-issue-2006-messag-8c7d2-ing-the-six-unread-baseline/test-failed-1.png
    ────────────────────────────────────────────────────────────────────────────────────────────────

    Error Context: test-results/contract-issue-2006-messag-8c7d2-ing-the-six-unread-baseline/error-context.md

    attachment #3: trace (application/zip) ─────────────────────────────────────────────────────────
    test-results/contract-issue-2006-messag-8c7d2-ing-the-six-unread-baseline/trace.zip
    Usage:

        npx playwright show-trace test-results/contract-issue-2006-messag-8c7d2-ing-the-six-unread-baseline/trace.zip

    ────────────────────────────────────────────────────────────────────────────────────────────────


(node:42060) Warning: The 'NO_COLOR' env is ignored due to the 'FORCE_COLOR' env being set.
(Use `node --trace-warnings ...` to show where the warning was created)


[126/503] tests/contract/issue-2006-messages.spec.ts:53:1 › issue-2006-c3: state matrix no-results and invalid links expose deterministic recovery
  7) tests/contract/issue-2006-messages.spec.ts:53:1 › issue-2006-c3: state matrix no-results and invalid links expose deterministic recovery

    Error: expect(locator).toContainText(expected) failed

    Locator: getByTestId('page-state-loading')
    Expected substring: "Loading conversations"
    Timeout: 5000ms
    Error: element(s) not found

    Call log:
      - Expect "toContainText" with timeout 5000ms
      - waiting for getByTestId('page-state-loading')


      54 |   // Regression caught: a URL fixture state is blank or dead, Retry reloads the app, an invalid link strands the user, or readonly leaves a mutation enabled.
      55 |   await openPage(page, 'messages', '?state=loading');
    > 56 |   await expect(page.getByTestId('page-state-loading')).toContainText('Loading conversations');
         |                                                        ^
      57 |
      58 |   await openPage(page, 'messages', '?state=empty');
      59 |   await expect(page.getByTestId('page-state-empty')).toContainText('No conversations');
        at /Users/ajhochhalter/Documents/Rhythm/.mega-wt/integration/apps/web/tests/contract/issue-2006-messages.spec.ts:56:56

    attachment #1: screenshot (image/png) ──────────────────────────────────────────────────────────
    test-results/contract-issue-2006-messag-2931e-pose-deterministic-recovery/test-failed-1.png
    ────────────────────────────────────────────────────────────────────────────────────────────────

    Error Context: test-results/contract-issue-2006-messag-2931e-pose-deterministic-recovery/error-context.md

    attachment #3: trace (application/zip) ─────────────────────────────────────────────────────────
    test-results/contract-issue-2006-messag-2931e-pose-deterministic-recovery/trace.zip
    Usage:

        npx playwright show-trace test-results/contract-issue-2006-messag-2931e-pose-deterministic-recovery/trace.zip

    ────────────────────────────────────────────────────────────────────────────────────────────────


(node:42240) Warning: The 'NO_COLOR' env is ignored due to the 'FORCE_COLOR' env being set.
(Use `node --trace-warnings ...` to show where the warning was created)


[127/503] tests/contract/issue-2006-messages.spec.ts:86:1 › issue-2006-c4: controls are live receipt-honest and restore focus
  8) tests/contract/issue-2006-messages.spec.ts:86:1 › issue-2006-c4: controls are live receipt-honest and restore focus

    Error: expect(received).toEqual(expected) // deep equality

    - Expected  - 1
    + Received  + 3

    - Array []
    + Array [
    +   "<input type=\"search\" placeholder=\"Search conversations\" value=\"\">",
    + ]

      92 |     .filter((element) => !/^[-a-z0-9]+$/.test(element.getAttribute('data-testid') ?? ''))
      93 |     .map((element) => element.outerHTML));
    > 94 |   expect(missingTestIds).toEqual([]);
         |                          ^
      95 |
      96 |   const newTrigger = page.getByTestId('messages-new-thread');
      97 |   await newTrigger.click();
        at /Users/ajhochhalter/Documents/Rhythm/.mega-wt/integration/apps/web/tests/contract/issue-2006-messages.spec.ts:94:26

    attachment #1: screenshot (image/png) ──────────────────────────────────────────────────────────
    test-results/contract-issue-2006-messag-9cfd1-pt-honest-and-restore-focus/test-failed-1.png
    ────────────────────────────────────────────────────────────────────────────────────────────────

    Error Context: test-results/contract-issue-2006-messag-9cfd1-pt-honest-and-restore-focus/error-context.md

    attachment #3: trace (application/zip) ─────────────────────────────────────────────────────────
    test-results/contract-issue-2006-messag-9cfd1-pt-honest-and-restore-focus/trace.zip
    Usage:

        npx playwright show-trace test-results/contract-issue-2006-messag-9cfd1-pt-honest-and-restore-focus/trace.zip

    ────────────────────────────────────────────────────────────────────────────────────────────────


(node:42331) Warning: The 'NO_COLOR' env is ignored due to the 'FORCE_COLOR' env being set.
(Use `node --trace-warnings ...` to show where the warning was created)


[128/503] tests/contract/issue-2006-messages.spec.ts:113:1 › issue-2006-c5: visible ledger records exact message endpoint receipts and excludes client-only controls
  9) tests/contract/issue-2006-messages.spec.ts:113:1 › issue-2006-c5: visible ledger records exact message endpoint receipts and excludes client-only controls

    Test timeout of 20000ms exceeded.

    Error: locator.fill: Test timeout of 20000ms exceeded.
    Call log:
      - waiting for getByTestId('messages-thread-search')


      122 |   await page.getByTestId('messages-new-thread-cancel').click();
      123 |   const beforeClientActions = await trace.textContent();
    > 124 |   await page.getByTestId('messages-thread-search').fill('weekend');
          |                                                    ^
      125 |   await page.getByTestId('messages-thread-search').fill('');
      126 |   await expect(trace).toHaveText(beforeClientActions ?? '');
      127 |
        at /Users/ajhochhalter/Documents/Rhythm/.mega-wt/integration/apps/web/tests/contract/issue-2006-messages.spec.ts:124:52

    attachment #1: screenshot (image/png) ──────────────────────────────────────────────────────────
    test-results/contract-issue-2006-messag-5f58d-cludes-client-only-controls/test-failed-1.png
    ────────────────────────────────────────────────────────────────────────────────────────────────

    Error Context: test-results/contract-issue-2006-messag-5f58d-cludes-client-only-controls/error-context.md

    attachment #3: trace (application/zip) ─────────────────────────────────────────────────────────
    test-results/contract-issue-2006-messag-5f58d-cludes-client-only-controls/trace.zip
    Usage:

        npx playwright show-trace test-results/contract-issue-2006-messag-5f58d-cludes-client-only-controls/trace.zip

    ────────────────────────────────────────────────────────────────────────────────────────────────


(node:43066) Warning: The 'NO_COLOR' env is ignored due to the 'FORCE_COLOR' env being set.
(Use `node --trace-warnings ...` to show where the warning was created)


[129/503] tests/contract/issue-2006-messages.spec.ts:160:1 › issue-2006-c6: ready page and New thread dialog satisfy axe and modal focus
[130/503] tests/contract/issue-2006-messages.spec.ts:176:1 › issue-2006-c7: messages remains responsive under required presentation modes
[131/503] tests/contract/issue-2006-messages.spec.ts:206:1 › issue-2006-c8: fixture isolation blocks external I O and reload resets the seed
  10) tests/contract/issue-2006-messages.spec.ts:206:1 › issue-2006-c8: fixture isolation blocks external I O and reload resets the seed

    Test timeout of 20000ms exceeded.

    Error: locator.click: Test timeout of 20000ms exceeded.
    Call log:
      - waiting for getByTestId('messages-thread-actions-thread-weekend-team')


      13 |
      14 | async function openThreadActions(page: Page, threadId = weekendThreadId, subject = weekendSubject) {
    > 15 |   await page.getByTestId(`messages-thread-actions-${threadId}`).click();
         |                                                                 ^
      16 |   return page.getByRole('menu', { name: `Actions for ${subject}` });
      17 | }
      18 |
        at openThreadActions (/Users/ajhochhalter/Documents/Rhythm/.mega-wt/integration/apps/web/tests/contract/issue-2006-messages.spec.ts:15:65)
        at /Users/ajhochhalter/Documents/Rhythm/.mega-wt/integration/apps/web/tests/contract/issue-2006-messages.spec.ts:216:22

    attachment #1: screenshot (image/png) ──────────────────────────────────────────────────────────
    test-results/contract-issue-2006-messag-ce12b--and-reload-resets-the-seed/test-failed-1.png
    ────────────────────────────────────────────────────────────────────────────────────────────────

    Error Context: test-results/contract-issue-2006-messag-ce12b--and-reload-resets-the-seed/error-context.md

    attachment #3: trace (application/zip) ─────────────────────────────────────────────────────────
    test-results/contract-issue-2006-messag-ce12b--and-reload-resets-the-seed/trace.zip
    Usage:

        npx playwright show-trace test-results/contract-issue-2006-messag-ce12b--and-reload-resets-the-seed/trace.zip

    ────────────────────────────────────────────────────────────────────────────────────────────────


(node:43985) Warning: The 'NO_COLOR' env is ignored due to the 'FORCE_COLOR' env being set.
(Use `node --trace-warnings ...` to show where the warning was created)


[132/503] tests/contract/issue-2006-messages.spec.ts:228:1 › issue-2006-c9: selecting and deep linking hydrate the correct conversation and read state
  11) tests/contract/issue-2006-messages.spec.ts:228:1 › issue-2006-c9: selecting and deep linking hydrate the correct conversation and read state

    Error: expect(page).toHaveURL(expected) failed

    Expected pattern: /#\/messages\/thread-weekend-team(?:\?|$)/
    Received string:  "http://127.0.0.1:4173/#/messages?threadId=thread-weekend-team"
    Timeout: 5000ms

    Call log:
      - Expect "toHaveURL" with timeout 5000ms
        14 × locator resolved to <html lang="en" data-theme="dark">…</html>
           - unexpected value "http://127.0.0.1:4173/#/messages?threadId=thread-weekend-team"


      231 |   await expectMessagesPage(page);
      232 |   await page.getByTestId(`messages-thread-${weekendThreadId}`).click();
    > 233 |   await expect(page).toHaveURL(/#\/messages\/thread-weekend-team(?:\?|$)/);
          |                      ^
      234 |   await expect(page.getByTestId(`messages-thread-${weekendThreadId}`)).toHaveAttribute('aria-selected', 'true');
      235 |   await expect(page.getByTestId(`messages-thread-${weekendThreadId}`)).toHaveAttribute('data-unread', 'false');
      236 |   await expect(page.getByTestId('messages-subject')).toHaveText(weekendSubject);
        at /Users/ajhochhalter/Documents/Rhythm/.mega-wt/integration/apps/web/tests/contract/issue-2006-messages.spec.ts:233:22

    attachment #1: screenshot (image/png) ──────────────────────────────────────────────────────────
    test-results/contract-issue-2006-messag-99885-conversation-and-read-state/test-failed-1.png
    ────────────────────────────────────────────────────────────────────────────────────────────────

    Error Context: test-results/contract-issue-2006-messag-99885-conversation-and-read-state/error-context.md

    attachment #3: trace (application/zip) ─────────────────────────────────────────────────────────
    test-results/contract-issue-2006-messag-99885-conversation-and-read-state/trace.zip
    Usage:

        npx playwright show-trace test-results/contract-issue-2006-messag-99885-conversation-and-read-state/trace.zip

    ────────────────────────────────────────────────────────────────────────────────────────────────


(node:44344) Warning: The 'NO_COLOR' env is ignored due to the 'FORCE_COLOR' env being set.
(Use `node --trace-warnings ...` to show where the warning was created)


[133/503] tests/contract/issue-2006-messages.spec.ts:248:1 › issue-2006-c10: new thread validates supported fields creates once and selects the result
  12) tests/contract/issue-2006-messages.spec.ts:248:1 › issue-2006-c10: new thread validates supported fields creates once and selects the result

    Error: expect(page).toHaveURL(expected) failed

    Expected pattern: /#\/messages\/thread-care-coordination(?:\?|$)/
    Received string:  "http://127.0.0.1:4173/#/messages?threadId=thread-care-coordination"
    Timeout: 5000ms

    Call log:
      - Expect "toHaveURL" with timeout 5000ms
        14 × locator resolved to <html lang="en" data-theme="dark">…</html>
           - unexpected value "http://127.0.0.1:4173/#/messages?threadId=thread-care-coordination"


      265 |   const createsBefore = await page.getByTestId('page-trace').getByText(/POST \/message-threads \{/).count();
      266 |   await dialog.getByTestId('messages-create-thread').click();
    > 267 |   await expect(page).toHaveURL(/#\/messages\/thread-care-coordination(?:\?|$)/);
          |                      ^
      268 |   await expect(page.getByTestId('messages-subject')).toHaveText('Care coordination');
      269 |   await expect(page.getByTestId('messages-participants')).toContainText('Morgan Lee');
      270 |   await expect(page.getByTestId('page-trace').getByText(/POST \/message-threads \{/)).toHaveCount(createsBefore + 1);
        at /Users/ajhochhalter/Documents/Rhythm/.mega-wt/integration/apps/web/tests/contract/issue-2006-messages.spec.ts:267:22

    attachment #1: screenshot (image/png) ──────────────────────────────────────────────────────────
    test-results/contract-issue-2006-messag-98000-once-and-selects-the-result/test-failed-1.png
    ────────────────────────────────────────────────────────────────────────────────────────────────

    Error Context: test-results/contract-issue-2006-messag-98000-once-and-selects-the-result/error-context.md

    attachment #3: trace (application/zip) ─────────────────────────────────────────────────────────
    test-results/contract-issue-2006-messag-98000-once-and-selects-the-result/trace.zip
    Usage:

        npx playwright show-trace test-results/contract-issue-2006-messag-98000-once-and-selects-the-result/trace.zip

    ────────────────────────────────────────────────────────────────────────────────────────────────


(node:44588) Warning: The 'NO_COLOR' env is ignored due to the 'FORCE_COLOR' env being set.
(Use `node --trace-warnings ...` to show where the warning was created)


[134/503] tests/contract/issue-2006-messages.spec.ts:276:1 › issue-2006-c11: reply validates appends once preserves focus and exposes the exact receipt
[135/503] tests/contract/issue-2006-messages.spec.ts:302:1 › issue-2006-c12: mark read and unread synchronize thread page and shell badges
  13) tests/contract/issue-2006-messages.spec.ts:302:1 › issue-2006-c12: mark read and unread synchronize thread page and shell badges

    Error: expect(locator).toHaveText(expected) failed

    Locator: getByTestId('messages-thread-unread-thread-weekend-team')
    Expected: "1"
    Timeout: 5000ms
    Error: element(s) not found

    Call log:
      - Expect "toHaveText" with timeout 5000ms
      - waiting for getByTestId('messages-thread-unread-thread-weekend-team')


      306 |   await expect(page.getByTestId('nav-messages').getByLabel('6 unread')).toHaveText('6');
      307 |   await expect(page.getByTestId('messages-unread-total')).toHaveText('6 unread threads');
    > 308 |   await expect(page.getByTestId(`messages-thread-unread-${weekendThreadId}`)).toHaveText('1');
          |                                                                               ^
      309 |
      310 |   let menu = await openThreadActions(page);
      311 |   await menu.getByRole('menuitem', { name: 'Mark as read' }).click();
        at /Users/ajhochhalter/Documents/Rhythm/.mega-wt/integration/apps/web/tests/contract/issue-2006-messages.spec.ts:308:79

    attachment #1: screenshot (image/png) ──────────────────────────────────────────────────────────
    test-results/contract-issue-2006-messag-13b37-hread-page-and-shell-badges/test-failed-1.png
    ────────────────────────────────────────────────────────────────────────────────────────────────

    Error Context: test-results/contract-issue-2006-messag-13b37-hread-page-and-shell-badges/error-context.md

    attachment #3: trace (application/zip) ─────────────────────────────────────────────────────────
    test-results/contract-issue-2006-messag-13b37-hread-page-and-shell-badges/trace.zip
    Usage:

        npx playwright show-trace test-results/contract-issue-2006-messag-13b37-hread-page-and-shell-badges/trace.zip

    ────────────────────────────────────────────────────────────────────────────────────────────────


(node:44862) Warning: The 'NO_COLOR' env is ignored due to the 'FORCE_COLOR' env being set.
(Use `node --trace-warnings ...` to show where the warning was created)


[136/503] tests/contract/issue-2006-messages.spec.ts:326:1 › issue-2006-c13: thread rename and delete are functional and selection safe
  14) tests/contract/issue-2006-messages.spec.ts:326:1 › issue-2006-c13: thread rename and delete are functional and selection safe

    Test timeout of 20000ms exceeded.

    Error: locator.click: Test timeout of 20000ms exceeded.
    Call log:
      - waiting for getByTestId('messages-thread-actions-thread-weekend-team')


      13 |
      14 | async function openThreadActions(page: Page, threadId = weekendThreadId, subject = weekendSubject) {
    > 15 |   await page.getByTestId(`messages-thread-actions-${threadId}`).click();
         |                                                                 ^
      16 |   return page.getByRole('menu', { name: `Actions for ${subject}` });
      17 | }
      18 |
        at openThreadActions (/Users/ajhochhalter/Documents/Rhythm/.mega-wt/integration/apps/web/tests/contract/issue-2006-messages.spec.ts:15:65)
        at /Users/ajhochhalter/Documents/Rhythm/.mega-wt/integration/apps/web/tests/contract/issue-2006-messages.spec.ts:332:20

    attachment #1: screenshot (image/png) ──────────────────────────────────────────────────────────
    test-results/contract-issue-2006-messag-3b397-nctional-and-selection-safe/test-failed-1.png
    ────────────────────────────────────────────────────────────────────────────────────────────────

    Error Context: test-results/contract-issue-2006-messag-3b397-nctional-and-selection-safe/error-context.md

    attachment #3: trace (application/zip) ─────────────────────────────────────────────────────────
    test-results/contract-issue-2006-messag-3b397-nctional-and-selection-safe/trace.zip
    Usage:

        npx playwright show-trace test-results/contract-issue-2006-messag-3b397-nctional-and-selection-safe/trace.zip

    ────────────────────────────────────────────────────────────────────────────────────────────────


(node:46632) Warning: The 'NO_COLOR' env is ignored due to the 'FORCE_COLOR' env being set.
(Use `node --trace-warnings ...` to show where the warning was created)


[137/503] tests/contract/issue-2007-facilities.spec.ts:35:1 › issue-2007-c1: facilities routes deep links and initial loads render the real surface
[138/503] tests/contract/issue-2007-facilities.spec.ts:58:1 › issue-2007-c2: overview range filters indicators and availability match Flutter
  15) tests/contract/issue-2007-facilities.spec.ts:58:1 › issue-2007-c2: overview range filters indicators and availability match Flutter

    Error: expect(locator).not.toHaveText(expected) failed

    Locator: getByTestId('facilities-metric-conflicts')
    Expected: not "0"
    Timeout: 5000ms
    Error: element(s) not found

    Call log:
      - Expect "not toHaveText" with timeout 5000ms
      - waiting for getByTestId('facilities-metric-conflicts')


      62 |   await expect(page.getByTestId('facilities-range-week')).toHaveAttribute('aria-pressed', 'true');
      63 |   await expect(page.getByTestId('facilities-range-label')).toHaveText('Aug 10 - Aug 16, 2026');
    > 64 |   await expect(page.getByTestId('facilities-metric-conflicts')).not.toHaveText('0');
         |                                                                     ^
      65 |   await expect(page.getByTestId('facilities-metric-setup-notes')).not.toHaveText('0');
      66 |   await expect(page.getByTestId('facilities-metric-external')).not.toHaveText('0');
      67 |   await expect(page.getByTestId(`facility-reservation-${otherReservationId}`)).toHaveAttribute('data-conflicted', 'true');
        at /Users/ajhochhalter/Documents/Rhythm/.mega-wt/integration/apps/web/tests/contract/issue-2007-facilities.spec.ts:64:69

    attachment #1: screenshot (image/png) ──────────────────────────────────────────────────────────
    test-results/contract-issue-2007-facili-9ab47--availability-match-Flutter/test-failed-1.png
    ────────────────────────────────────────────────────────────────────────────────────────────────

    Error Context: test-results/contract-issue-2007-facili-9ab47--availability-match-Flutter/error-context.md

    attachment #3: trace (application/zip) ─────────────────────────────────────────────────────────
    test-results/contract-issue-2007-facili-9ab47--availability-match-Flutter/trace.zip
    Usage:

        npx playwright show-trace test-results/contract-issue-2007-facili-9ab47--availability-match-Flutter/trace.zip

    ────────────────────────────────────────────────────────────────────────────────────────────────


(node:46883) Warning: The 'NO_COLOR' env is ignored due to the 'FORCE_COLOR' env being set.
(Use `node --trace-warnings ...` to show where the warning was created)


[139/503] tests/contract/issue-2007-facilities.spec.ts:91:1 › issue-2007-c3: single reservation create validates conflicts and receipts once
[140/503] tests/contract/issue-2007-facilities.spec.ts:134:1 › issue-2007-c4: linked room groups expose partial success and edit summaries
  16) tests/contract/issue-2007-facilities.spec.ts:134:1 › issue-2007-c4: linked room groups expose partial success and edit summaries

    Test timeout of 20000ms exceeded.

    Error: locator.click: Test timeout of 20000ms exceeded.
    Call log:
      - waiting for getByTestId('facility-reservation-actions-504')


      156 |   await summary.getByTestId('facility-group-summary-close').click();
      157 |
    > 158 |   await page.getByTestId('facility-reservation-actions-504').click();
          |                                                              ^
      159 |   await page.getByRole('menuitem', { name: 'Edit reservation group' }).click();
      160 |   const edit = page.getByTestId('facility-reservation-dialog');
      161 |   await edit.getByTestId(`facility-room-choice-${roomId}`).uncheck();
        at /Users/ajhochhalter/Documents/Rhythm/.mega-wt/integration/apps/web/tests/contract/issue-2007-facilities.spec.ts:158:62

    attachment #1: screenshot (image/png) ──────────────────────────────────────────────────────────
    test-results/contract-issue-2007-facili-1d76d--success-and-edit-summaries/test-failed-1.png
    ────────────────────────────────────────────────────────────────────────────────────────────────

    Error Context: test-results/contract-issue-2007-facili-1d76d--success-and-edit-summaries/error-context.md

    attachment #3: trace (application/zip) ─────────────────────────────────────────────────────────
    test-results/contract-issue-2007-facili-1d76d--success-and-edit-summaries/trace.zip
    Usage:

        npx playwright show-trace test-results/contract-issue-2007-facili-1d76d--success-and-edit-summaries/trace.zip

    ────────────────────────────────────────────────────────────────────────────────────────────────


(node:48504) Warning: The 'NO_COLOR' env is ignored due to the 'FORCE_COLOR' env being set.
(Use `node --trace-warnings ...` to show where the warning was created)


[141/503] tests/contract/issue-2007-facilities.spec.ts:168:1 › issue-2007-c5: reservation edit delete and ownership gates stay truthful
  17) tests/contract/issue-2007-facilities.spec.ts:168:1 › issue-2007-c5: reservation edit delete and ownership gates stay truthful

    Error: expect(locator).toBeVisible() failed

    Locator: getByTestId('facility-reservation-501')
    Expected: visible
    Timeout: 5000ms
    Error: element(s) not found

    Call log:
      - Expect "toBeVisible" with timeout 5000ms
      - waiting for getByTestId('facility-reservation-501')


      190 |   await expect(confirm).toContainText('remove this reservation');
      191 |   await confirm.getByTestId('facility-reservation-delete-cancel').click();
    > 192 |   await expect(page.getByTestId(`facility-reservation-${ownedReservationId}`)).toBeVisible();
          |                                                                                ^
      193 |   await expect(page.getByTestId('page-trace')).not.toContainText(`DELETE /facilities/${roomId}/reservations/${ownedReservationId}`);
      194 |   await page.getByTestId(`facility-reservation-actions-${ownedReservationId}`).click();
      195 |   await page.getByRole('menuitem', { name: 'Delete reservation' }).click();
        at /Users/ajhochhalter/Documents/Rhythm/.mega-wt/integration/apps/web/tests/contract/issue-2007-facilities.spec.ts:192:80

    attachment #1: screenshot (image/png) ──────────────────────────────────────────────────────────
    test-results/contract-issue-2007-facili-f7c48-nership-gates-stay-truthful/test-failed-1.png
    ────────────────────────────────────────────────────────────────────────────────────────────────

    Error Context: test-results/contract-issue-2007-facili-f7c48-nership-gates-stay-truthful/error-context.md

    attachment #3: trace (application/zip) ─────────────────────────────────────────────────────────
    test-results/contract-issue-2007-facili-f7c48-nership-gates-stay-truthful/trace.zip
    Usage:

        npx playwright show-trace test-results/contract-issue-2007-facili-f7c48-nership-gates-stay-truthful/trace.zip

    ────────────────────────────────────────────────────────────────────────────────────────────────


(node:48881) Warning: The 'NO_COLOR' env is ignored due to the 'FORCE_COLOR' env being set.
(Use `node --trace-warnings ...` to show where the warning was created)


[142/503] tests/contract/issue-2007-facilities.spec.ts:206:1 › issue-2007-c6: recurring create validates patterns and reports materialization results
[143/503] tests/contract/issue-2007-facilities.spec.ts:240:1 › issue-2007-c7: recurring actions mutate the entire series and never invent occurrence controls
[144/503] tests/contract/issue-2007-facilities.spec.ts:268:1 › issue-2007-c8: manager facility CRUD validates fields and updates room inventory
  18) tests/contract/issue-2007-facilities.spec.ts:268:1 › issue-2007-c8: manager facility CRUD validates fields and updates room inventory

    Error: expect(locator).toBeVisible() failed

    Locator: getByTestId('facility-manager-bar')
    Expected: visible
    Timeout: 5000ms
    Error: element(s) not found

    Call log:
      - Expect "toBeVisible" with timeout 5000ms
      - waiting for getByTestId('facility-manager-bar')


      270 |   await openPage(page, 'facilities/rooms');
      271 |   await expectFacilitiesPage(page);
    > 272 |   await expect(page.getByTestId('facility-manager-bar')).toBeVisible();
          |                                                          ^
      273 |   await page.getByTestId('facility-add-space').click();
      274 |   const dialog = page.getByTestId('facility-editor-dialog');
      275 |   await expect(dialog.getByTestId('facility-location')).toHaveCount(0);
        at /Users/ajhochhalter/Documents/Rhythm/.mega-wt/integration/apps/web/tests/contract/issue-2007-facilities.spec.ts:272:58

    attachment #1: screenshot (image/png) ──────────────────────────────────────────────────────────
    test-results/contract-issue-2007-facili-5259d--and-updates-room-inventory/test-failed-1.png
    ────────────────────────────────────────────────────────────────────────────────────────────────

    Error Context: test-results/contract-issue-2007-facili-5259d--and-updates-room-inventory/error-context.md

    attachment #3: trace (application/zip) ─────────────────────────────────────────────────────────
    test-results/contract-issue-2007-facili-5259d--and-updates-room-inventory/trace.zip
    Usage:

        npx playwright show-trace test-results/contract-issue-2007-facili-5259d--and-updates-room-inventory/trace.zip

    ────────────────────────────────────────────────────────────────────────────────────────────────


(node:49260) Warning: The 'NO_COLOR' env is ignored due to the 'FORCE_COLOR' env being set.
(Use `node --trace-warnings ...` to show where the warning was created)


[145/503] tests/contract/issue-2007-facilities.spec.ts:303:1 › issue-2007-c9: room inventory detail booking and manager controls match Flutter
  19) tests/contract/issue-2007-facilities.spec.ts:303:1 › issue-2007-c9: room inventory detail booking and manager controls match Flutter

    Error: expect(received).toBe(expected) // Object.is equality

    Expected: "Unassigned"
    Received: undefined

      306 |   await expectFacilitiesPage(page);
      307 |   const headings = await page.locator('[data-testid^="facility-building-"] [data-testid="facility-building-name"]').allTextContents();
    > 308 |   expect(headings.at(-1)).toBe('Unassigned');
          |                           ^
      309 |   const mainCampusRooms = await page.getByTestId('facility-building-main-campus').locator('[data-room-name]').evaluateAll((rows) => rows.map((row) => row.getAttribute('data-room-name') ?? ''));
      310 |   expect(mainCampusRooms).toEqual([...mainCampusRooms].sort((left, right) => left.localeCompare(right)));
      311 |   await expect(page.getByTestId(`facility-room-${roomId}`).getByTestId('facility-room-upcoming')).toContainText(/Available|upcoming/);
        at /Users/ajhochhalter/Documents/Rhythm/.mega-wt/integration/apps/web/tests/contract/issue-2007-facilities.spec.ts:308:27

    attachment #1: screenshot (image/png) ──────────────────────────────────────────────────────────
    test-results/contract-issue-2007-facili-59b98-ager-controls-match-Flutter/test-failed-1.png
    ────────────────────────────────────────────────────────────────────────────────────────────────

    Error Context: test-results/contract-issue-2007-facili-59b98-ager-controls-match-Flutter/error-context.md

    attachment #3: trace (application/zip) ─────────────────────────────────────────────────────────
    test-results/contract-issue-2007-facili-59b98-ager-controls-match-Flutter/trace.zip
    Usage:

        npx playwright show-trace test-results/contract-issue-2007-facili-59b98-ager-controls-match-Flutter/trace.zip

    ────────────────────────────────────────────────────────────────────────────────────────────────


(node:49311) Warning: The 'NO_COLOR' env is ignored due to the 'FORCE_COLOR' env being set.
(Use `node --trace-warnings ...` to show where the warning was created)


[146/503] tests/contract/issue-2007-facilities.spec.ts:330:1 › issue-2007-c10: automation preview cleanup counts confirmation results and receipts are truthful
[147/503] tests/contract/issue-2007-facilities.spec.ts:356:1 › issue-2007-c11: facilities state matrix exposes recovery permission and empty boundaries
  20) tests/contract/issue-2007-facilities.spec.ts:356:1 › issue-2007-c11: facilities state matrix exposes recovery permission and empty boundaries

    Error: expect(locator).toContainText(expected) failed

    Locator: getByTestId('page-state-loading')
    Expected substring: "Loading facilities"
    Timeout: 5000ms
    Error: element(s) not found

    Call log:
      - Expect "toContainText" with timeout 5000ms
      - waiting for getByTestId('page-state-loading')


      357 |   // Regression caught: a matrix state is blank/dead, Retry reloads, readonly leaves mutation enabled, or invalid ids masquerade as server failures.
      358 |   await openPage(page, 'facilities', '?state=loading');
    > 359 |   await expect(page.getByTestId('page-state-loading')).toContainText('Loading facilities');
          |                                                        ^
      360 |
      361 |   await openPage(page, 'facilities', '?state=empty');
      362 |   await expect(page.getByTestId('page-state-empty')).toContainText('No facilities yet');
        at /Users/ajhochhalter/Documents/Rhythm/.mega-wt/integration/apps/web/tests/contract/issue-2007-facilities.spec.ts:359:56

    attachment #1: screenshot (image/png) ──────────────────────────────────────────────────────────
    test-results/contract-issue-2007-facili-5fbae-ission-and-empty-boundaries/test-failed-1.png
    ────────────────────────────────────────────────────────────────────────────────────────────────

    Error Context: test-results/contract-issue-2007-facili-5fbae-ission-and-empty-boundaries/error-context.md

    attachment #3: trace (application/zip) ─────────────────────────────────────────────────────────
    test-results/contract-issue-2007-facili-5fbae-ission-and-empty-boundaries/trace.zip
    Usage:

        npx playwright show-trace test-results/contract-issue-2007-facili-5fbae-ission-and-empty-boundaries/trace.zip

    ────────────────────────────────────────────────────────────────────────────────────────────────


(node:49683) Warning: The 'NO_COLOR' env is ignored due to the 'FORCE_COLOR' env being set.
(Use `node --trace-warnings ...` to show where the warning was created)


[148/503] tests/contract/issue-2007-facilities.spec.ts:390:1 › issue-2007-c12: enabled controls are live identifiable and receipt honest
  21) tests/contract/issue-2007-facilities.spec.ts:390:1 › issue-2007-c12: enabled controls are live identifiable and receipt honest

    Error: expect(received).toEqual(expected) // deep equality

    - Expected  - 1
    + Received  + 3

    - Array []
    + Array [
    +   "<input type=\"search\" placeholder=\"Search reservations\" value=\"\">",
    + ]

      396 |     .filter((element) => !/^[-a-z0-9]+$/.test(element.getAttribute('data-testid') ?? ''))
      397 |     .map((element) => element.outerHTML));
    > 398 |   expect(missingTestIds).toEqual([]);
          |                          ^
      399 |
      400 |   const trace = page.getByTestId('page-trace');
      401 |   const beforeMode = await trace.textContent();
        at /Users/ajhochhalter/Documents/Rhythm/.mega-wt/integration/apps/web/tests/contract/issue-2007-facilities.spec.ts:398:26

    attachment #1: screenshot (image/png) ──────────────────────────────────────────────────────────
    test-results/contract-issue-2007-facili-04c7c-tifiable-and-receipt-honest/test-failed-1.png
    ────────────────────────────────────────────────────────────────────────────────────────────────

    Error Context: test-results/contract-issue-2007-facili-04c7c-tifiable-and-receipt-honest/error-context.md

    attachment #3: trace (application/zip) ─────────────────────────────────────────────────────────
    test-results/contract-issue-2007-facili-04c7c-tifiable-and-receipt-honest/trace.zip
    Usage:

        npx playwright show-trace test-results/contract-issue-2007-facili-04c7c-tifiable-and-receipt-honest/trace.zip

    ────────────────────────────────────────────────────────────────────────────────────────────────


(node:49768) Warning: The 'NO_COLOR' env is ignored due to the 'FORCE_COLOR' env being set.
(Use `node --trace-warnings ...` to show where the warning was created)


[149/503] tests/contract/issue-2007-facilities.spec.ts:418:1 › issue-2007-c13: facilities and its dialogs are accessible with focus recovery
[150/503] tests/contract/issue-2007-facilities.spec.ts:451:1 › issue-2007-c14: facilities remains responsive across required presentation modes
  22) tests/contract/issue-2007-facilities.spec.ts:451:1 › issue-2007-c14: facilities remains responsive across required presentation modes

    Error: expect(locator).toBeVisible() failed

    Locator:  getByText('礼拝チーム室 🎵', { exact: true })
    Expected: visible
    Received: hidden
    Timeout:  5000ms

    Call log:
      - Expect "toBeVisible" with timeout 5000ms
      - waiting for getByText('礼拝チーム室 🎵', { exact: true })
        14 × locator resolved to <strong title="礼拝チーム室 🎵">礼拝チーム室 🎵</strong>
           - unexpected value "hidden"


      466 |   });
      467 |   await page.emulateMedia({ forcedColors: 'active', reducedMotion: 'reduce' });
    > 468 |   await expect(page.getByText('礼拝チーム室 🎵', { exact: true })).toBeVisible();
          |                                                              ^
      469 |   const resilientOverflow = await page.evaluate(() => ({ client: document.documentElement.clientWidth, scroll: document.documentElement.scrollWidth }));
      470 |   expect(resilientOverflow.scroll).toBeLessThanOrEqual(resilientOverflow.client + 1);
      471 |   const undersized = await page.getByTestId('page-facilities').locator('button:visible, input:visible, select:visible, textarea:visible').evaluateAll((elements) => elements.flatMap((element) => {
        at /Users/ajhochhalter/Documents/Rhythm/.mega-wt/integration/apps/web/tests/contract/issue-2007-facilities.spec.ts:468:62

    attachment #1: screenshot (image/png) ──────────────────────────────────────────────────────────
    test-results/contract-issue-2007-facili-f03bd-required-presentation-modes/test-failed-1.png
    ────────────────────────────────────────────────────────────────────────────────────────────────

    Error Context: test-results/contract-issue-2007-facili-f03bd-required-presentation-modes/error-context.md

    attachment #3: trace (application/zip) ─────────────────────────────────────────────────────────
    test-results/contract-issue-2007-facili-f03bd-required-presentation-modes/trace.zip
    Usage:

        npx playwright show-trace test-results/contract-issue-2007-facili-f03bd-required-presentation-modes/trace.zip

    ────────────────────────────────────────────────────────────────────────────────────────────────


(node:50472) Warning: The 'NO_COLOR' env is ignored due to the 'FORCE_COLOR' env being set.
(Use `node --trace-warnings ...` to show where the warning was created)


[151/503] tests/contract/issue-2007-facilities.spec.ts:481:1 › issue-2007-c15: fixture isolation blocks external I O and reload resets deterministically
[152/503] tests/contract/issue-2008-automations.spec.ts:26:1 › issue-2008-c1: automations route and rule deep links render the real page shell
[153/503] tests/contract/issue-2008-automations.spec.ts:47:1 › issue-2008-c2: rule grouping ordering and enabled statistics are deterministic
[154/503] tests/contract/issue-2008-automations.spec.ts:68:1 › issue-2008-c3: shared state matrix exposes deterministic recovery and readonly inspection
[155/503] tests/contract/issue-2008-automations.spec.ts:98:1 › issue-2008-c4: controls are live receipt-honest and modal focus is restored
[156/503] tests/contract/issue-2008-automations.spec.ts:124:1 › issue-2008-c5: bootstrap ledger records exact catalog dependency receipts
[157/503] tests/contract/issue-2008-automations.spec.ts:144:1 › issue-2008-c6: ready page and builder satisfy axe and modal focus
[158/503] tests/contract/issue-2008-automations.spec.ts:160:1 › issue-2008-c7: automations remains responsive under required presentation modes
[159/503] tests/contract/issue-2008-automations.spec.ts:186:1 › issue-2008-c8: fixture isolation blocks external I O and reload resets rule state
[160/503] tests/contract/issue-2008-automations.spec.ts:207:1 › issue-2008-c9: provider prerequisites and dependency failures remain explicit
[161/503] tests/contract/issue-2008-automations.spec.ts:229:1 › issue-2008-c10: builder choices follow provider trigger and action catalogs
[162/503] tests/contract/issue-2008-automations.spec.ts:258:1 › issue-2008-c11: create edit and delete update the list with exact receipts
[163/503] tests/contract/issue-2008-automations.spec.ts:294:1 › issue-2008-c12: enabled switch patches one rule and preserves deterministic order
[164/503] tests/contract/issue-2008-automations.spec.ts:312:1 › issue-2008-c13: preview renders historical match evidence without mutation
[165/503] tests/contract/issue-2008-automations.spec.ts:332:1 › issue-2008-c14: resync exposes progress result receipt and deterministic reload
[166/503] tests/contract/issue-2008-automations.spec.ts:349:1 › issue-2008-c15: builder validates required action fields and omits blank conditions
[167/503] tests/contract/issue-2009-integrations.spec.ts:11:1 › issue-2009-c1: integrations routes render the real page and section deep links
[168/503] tests/contract/issue-2009-integrations.spec.ts:34:1 › issue-2009-c2: provider rows and inspectors distinguish connection sync error and permission states
[169/503] tests/contract/issue-2009-integrations.spec.ts:55:1 › issue-2009-c3: deterministic state matrix remains actionable and readonly is native
  23) tests/contract/issue-2009-integrations.spec.ts:55:1 › issue-2009-c3: deterministic state matrix remains actionable and readonly is native

    Error: expect(locator).toHaveAttribute(expected) failed

    Locator: getByTestId('page-state-loading')
    Expected: "status"
    Timeout: 5000ms
    Error: element(s) not found

    Call log:
      - Expect "toHaveAttribute" with timeout 5000ms
      - waiting for getByTestId('page-state-loading')


      56 |   // Regression caught: a required fixture state is blank/dead, Retry reloads the document, prerequisites are vague, or readonly styling leaves mutations enabled.
      57 |   await openPage(page, 'integrations', '?state=loading');
    > 58 |   await expect(page.getByTestId('page-state-loading')).toHaveAttribute('role', 'status');
         |                                                        ^
      59 |   await expect(page.getByTestId('page-state-loading')).toContainText('Loading integrations');
      60 |
      61 |   await openPage(page, 'integrations', '?state=empty');
        at /Users/ajhochhalter/Documents/Rhythm/.mega-wt/integration/apps/web/tests/contract/issue-2009-integrations.spec.ts:58:56

    attachment #1: screenshot (image/png) ──────────────────────────────────────────────────────────
    test-results/contract-issue-2009-integr-72ce8-able-and-readonly-is-native/test-failed-1.png
    ────────────────────────────────────────────────────────────────────────────────────────────────

    Error Context: test-results/contract-issue-2009-integr-72ce8-able-and-readonly-is-native/error-context.md

    attachment #3: trace (application/zip) ─────────────────────────────────────────────────────────
    test-results/contract-issue-2009-integr-72ce8-able-and-readonly-is-native/trace.zip
    Usage:

        npx playwright show-trace test-results/contract-issue-2009-integr-72ce8-able-and-readonly-is-native/trace.zip

    ────────────────────────────────────────────────────────────────────────────────────────────────


(node:54250) Warning: The 'NO_COLOR' env is ignored due to the 'FORCE_COLOR' env being set.
(Use `node --trace-warnings ...` to show where the warning was created)


[170/503] tests/contract/issue-2009-integrations.spec.ts:83:1 › issue-2009-c4: enabled controls are live identifiable and restore focus
[171/503] tests/contract/issue-2009-integrations.spec.ts:103:1 › issue-2009-c5: visible ledger is exact append only and excludes client controls
[172/503] tests/contract/issue-2009-integrations.spec.ts:126:1 › issue-2009-c6: page dialogs and fixture handoff are accessible
[173/503] tests/contract/issue-2009-integrations.spec.ts:153:1 › issue-2009-c7: integrations remains responsive under required presentation modes
  24) tests/contract/issue-2009-integrations.spec.ts:153:1 › issue-2009-c7: integrations remains responsive under required presentation modes

    Test timeout of 20000ms exceeded.

    Error: locator.click: Test timeout of 20000ms exceeded.
    Call log:
      - waiting for locator('.list-inspector').getByRole('option', { name: 'Planning Center', exact: true, includeHidden: true })
        - locator resolved to <div role="option" tabindex="-1" aria-selected="false" class="list-inspector-row" aria-label="Planning Center" data-testid="integration-planning-center" data-item-id="integration-planning-center" aria-describedby=":r1:-meta-integration-planning-center">…</div>
      - attempting click action
        2 × waiting for element to be visible, enabled and stable
          - element is not visible
        - retrying click action
        - waiting 20ms
        2 × waiting for element to be visible, enabled and stable
          - element is not visible
        - retrying click action
          - waiting 100ms
        27 × waiting for element to be visible, enabled and stable
           - element is not visible
         - retrying click action
           - waiting 500ms


       at helpers/list-inspector.ts:8

       6 |
       7 | export async function selectRow(page: Page, title: string) {
    >  8 |   await row(page, title).click();
         |                          ^
       9 |   await expectSelected(page, title);
      10 | }
      11 |
        at selectRow (/Users/ajhochhalter/Documents/Rhythm/.mega-wt/integration/apps/web/tests/helpers/list-inspector.ts:8:26)
        at /Users/ajhochhalter/Documents/Rhythm/.mega-wt/integration/apps/web/tests/contract/issue-2009-integrations.spec.ts:181:9

    attachment #1: screenshot (image/png) ──────────────────────────────────────────────────────────
    test-results/contract-issue-2009-integr-d995b-required-presentation-modes/test-failed-1.png
    ────────────────────────────────────────────────────────────────────────────────────────────────

    Error Context: test-results/contract-issue-2009-integr-d995b-required-presentation-modes/error-context.md

    attachment #3: trace (application/zip) ─────────────────────────────────────────────────────────
    test-results/contract-issue-2009-integr-d995b-required-presentation-modes/trace.zip
    Usage:

        npx playwright show-trace test-results/contract-issue-2009-integr-d995b-required-presentation-modes/trace.zip

    ────────────────────────────────────────────────────────────────────────────────────────────────


(node:55624) Warning: The 'NO_COLOR' env is ignored due to the 'FORCE_COLOR' env being set.
(Use `node --trace-warnings ...` to show where the warning was created)


[174/503] tests/contract/issue-2009-integrations.spec.ts:187:1 › issue-2009-c8: fixtures block every external and OAuth request and reset on reload
[175/503] tests/contract/issue-2009-integrations.spec.ts:213:1 › issue-2009-c9: connect actions expose explicit OAuth fixture handoffs without navigation
[176/503] tests/contract/issue-2009-integrations.spec.ts:239:1 › issue-2009-c10: calendar sources select validate save sync and recover truthfully
[177/503] tests/contract/issue-2009-integrations.spec.ts:266:1 › issue-2009-c11: Gmail signals dedupe display sync failure and retry
[178/503] tests/contract/issue-2009-integrations.spec.ts:287:1 › issue-2009-c12: Planning Center dependent team and position preferences save exactly
[179/503] tests/contract/issue-2009-integrations.spec.ts:309:1 › issue-2009-c13: assistant Google consent remains separate and fixture safe
  25) tests/contract/issue-2009-integrations.spec.ts:309:1 › issue-2009-c13: assistant Google consent remains separate and fixture safe

    Error: expect(locator).toContainText(expected) failed

    Locator: getByTestId('list-inspector-detail')
    Expected substring: "Full Google Calendar and Gmail"
    Received string:    "Back to listAssistant accessIntegration management controlsSeparate consentGrant the assistant full Google Calendar and Gmail access for agent actions, including read + send. This is broader than the Gmail metadata connection.Enable assistant access"
    Timeout: 5000ms

    Call log:
      - Expect "toContainText" with timeout 5000ms
      - waiting for getByTestId('list-inspector-detail')
        14 × locator resolved to <section tabindex="0" aria-labelledby=":r1:-heading" data-testid="list-inspector-detail" class="list-inspector-detail tool-detail">…</section>
           - unexpected value "Back to listAssistant accessIntegration management controlsSeparate consentGrant the assistant full Google Calendar and Gmail access for agent actions, including read + send. This is broader than the Gmail metadata connection.Enable assistant access"


      314 |   await expect(row).toContainText('Separate consent');
      315 |   const inspector = page.getByTestId('list-inspector-detail');
    > 316 |   await expect(inspector).toContainText('Full Google Calendar and Gmail');
          |                           ^
      317 |   await expect(inspector).toContainText('read + send');
      318 |   await expect(inspector.getByTestId('assistant-google-enable')).toBeVisible();
      319 |   await inspector.getByTestId('assistant-google-enable').click();
        at /Users/ajhochhalter/Documents/Rhythm/.mega-wt/integration/apps/web/tests/contract/issue-2009-integrations.spec.ts:316:27

    attachment #1: screenshot (image/png) ──────────────────────────────────────────────────────────
    test-results/contract-issue-2009-integr-e13d0-s-separate-and-fixture-safe/test-failed-1.png
    ────────────────────────────────────────────────────────────────────────────────────────────────

    Error Context: test-results/contract-issue-2009-integr-e13d0-s-separate-and-fixture-safe/error-context.md

    attachment #3: trace (application/zip) ─────────────────────────────────────────────────────────
    test-results/contract-issue-2009-integr-e13d0-s-separate-and-fixture-safe/trace.zip
    Usage:

        npx playwright show-trace test-results/contract-issue-2009-integr-e13d0-s-separate-and-fixture-safe/trace.zip

    ────────────────────────────────────────────────────────────────────────────────────────────────


(node:57284) Warning: The 'NO_COLOR' env is ignored due to the 'FORCE_COLOR' env being set.
(Use `node --trace-warnings ...` to show where the warning was created)


[180/503] tests/contract/issue-2009-integrations.spec.ts:325:1 › issue-2009-c14: individual and sync all operations expose progress partial failure and retry
[181/503] tests/contract/issue-2009-integrations.spec.ts:353:1 › issue-2009-c15: AI Import validates formats reports exact outcomes and retries safely
[182/503] tests/conversation.spec.ts:5:3 › transcript decisions and composer › handles permission once, always, and deny with a reason
[183/503] tests/conversation.spec.ts:22:3 › transcript decisions and composer › answers and rejects an agent question
[184/503] tests/conversation.spec.ts:34:3 › transcript decisions and composer › copies, reverts, restores, forks, compacts, and loads older history
[185/503] tests/conversation.spec.ts:51:3 › transcript decisions and composer › supports slash, file mention, shell shortcut, attachment, model/profile, send, cancel, and offline queue
[186/503] tests/core-flow.spec.ts:4:1 › completes the shipping-shaped Agents operator flow
[187/503] tests/directory-picker.spec.ts:19:1 › native directory picker is enabled with live history and updates cwd through a click
[188/503] tests/directory-picker.spec.ts:29:1 › live browser without the bridge preserves manual entry and disables Browse
[189/503] tests/directory-picker.spec.ts:36:1 › fixture Browse fallback remains /workspace/rhythm
[190/503] tests/directory-picker.spec.ts:45:54 › native picker cancel preserves cwd and manual fallback
[191/503] tests/directory-picker.spec.ts:45:54 › native picker reject preserves cwd and manual fallback
[192/503] tests/gateway/gateway.spec.ts:8:1 › slice-2-c19: renderer CSP permits only production local services and the exact artifact bridge
[193/503] tests/gateway/gateway.spec.ts:28:1 › slice-2-c1: gateway exposes explicit mode, health, and unsupported domain boundary
[194/503] tests/gateway/gateway.spec.ts:40:1 › slice-2-c2: fixture gateway performs zero network operations
[195/503] tests/gateway/gateway.spec.ts:52:1 › production live bases default to Flutter runtime ports and reject baked-in sandbox ports
[196/503] tests/gateway/gateway.spec.ts:80:1 › production gateway receipt exposes Flutter runtime ports instead of sandbox constants
[197/503] tests/gateway/gateway.spec.ts:91:1 › credentialed production base rejects plaintext and every loopback spelling
[198/503] tests/gateway/gateway.spec.ts:121:1 › bucket-a-repair-c1: trusted alternate expected bases accept only matching distinct unprivileged loopback ports
[199/503] tests/gateway/gateway.spec.ts:161:1 › slice-2-c4: explicit live configuration failure never composes fixture
[200/503] tests/gateway/gateway.spec.ts:170:1 › slice-2-c5: API and engine health failures remain separate live errors
[201/503] tests/gateway/gateway.spec.ts:193:1 › post-login local boundary omits the cloud bearer while production keeps it
[202/503] tests/gateway/gateway.spec.ts:223:1 › slice-2-c7: failed live requests cannot return fixture data
[203/503] tests/gateway/live.spec.ts:8:1 › slice-2-c7-live: receipt probes the real sandbox API and engine separately
[204/503] tests/gateway/receipt.spec.ts:3:1 › slice-2-c6: default composition renders an accessible Fixture receipt without live traffic
[205/503] tests/gateway/self-improvement-gateways.spec.ts:13:1 › self-improvement-gateway-a1: org proposals use the local boundary, preserve deployment/outcome status, and fail closed for tool safety
[206/503] tests/gateway/self-improvement-gateways.spec.ts:36:1 › self-improvement-gateway-a2: tool-install approval only transmits the explicit conditional confirmation
[207/503] tests/gateway/self-improvement-gateways.spec.ts:55:1 › self-improvement-gateway-a3: run outcomes make 404 absent, omit blank reasons, and reject unsupported verdicts
[208/503] tests/gateway/self-improvement-gateways.spec.ts:69:1 › self-improvement-gateway-a4: auto-promotion uses the cloud token and confirmation header and rejects malformed state
[209/503] tests/gateway/sessions-gateway.spec.ts:13:1 › engine-session-live-lifecycle-c1: typed gateway keeps local and SDK session identities separate
[210/503] tests/gateway/sessions-gateway.spec.ts:21:1 › engine-session-live-lifecycle-c2: fixture sessions gateway is network-free and live never falls back
[211/503] tests/gateway/sessions-gateway.spec.ts:32:1 › engine-session-live-lifecycle-c3: hydration boundary consumes structured API and WS payloads
[212/503] tests/gateway/sessions-gateway.spec.ts:40:1 › engine-session-live-lifecycle-c10: live failures are bounded and redact response secrets
[213/503] tests/gateway/tasks-gateway.spec.ts:35:1 › task-live-lifecycle-c1a: 401, 403, 404, and 5xx map to distinct typed gateway errors
[214/503] tests/gateway/tasks-gateway.spec.ts:49:1 › task-live-lifecycle-c1b: Authorization and token data never appear in error text
[215/503] tests/inspector-profiles.spec.ts:5:3 › inspector and profile workflows › collapsing the Agents rail preserves the active session and inspector
[216/503] tests/inspector-profiles.spec.ts:34:3 › inspector and profile workflows › uses every inspector view, worktree actions, todos, and pane controls
[217/503] tests/inspector-profiles.spec.ts:114:3 › inspector and profile workflows › creates, edits, renames, defaults, duplicates, refreshes capabilities, and deletes profiles
[218/503] tests/list-inspector-primitive.spec.ts:9:3 › shared list and inspector through Agents → Tasks › selects two schedules and retains their actions and history
[219/503] tests/list-inspector-primitive.spec.ts:29:3 › shared list and inspector through Agents → Tasks › roves focus with arrows and boundaries, and selects with Enter and Space
[220/503] tests/list-inspector-primitive.spec.ts:52:3 › shared list and inspector through Agents → Tasks › restores deep links and refresh selection without losing other search params
[221/503] tests/list-inspector-primitive.spec.ts:68:3 › shared list and inspector through Agents → Tasks › missing and deleted selections cannot show stale details or actions
[222/503] tests/list-inspector-primitive.spec.ts:86:3 › shared list and inspector through Agents → Tasks › uses one narrow pane and returns focus to the selected list row
[223/503] tests/list-inspector-primitive.spec.ts:107:3 › shared list and inspector through Agents → Tasks › keeps long titles and controls usable at 200% zoom and in RTL
[224/503] tests/list-inspector-primitive.spec.ts:136:3 › shared list and inspector through Agents → Tasks › retains loading, empty, error recovery and read-only inspection
[225/503] tests/live/mega-2026-09-18-smoke.spec.ts:285:5 › Agent Tools — #1513/#1515–#1519/#1521/#1514 › #1513 brain: live ListInspector selection is inert, keyboardable, and axe-clean
[226/503] tests/live/mega-2026-09-18-smoke.spec.ts:285:5 › Agent Tools — #1513/#1515–#1519/#1521/#1514 › #1513 deep-research: live ListInspector selection is inert, keyboardable, and axe-clean
[227/503] tests/live/mega-2026-09-18-smoke.spec.ts:285:5 › Agent Tools — #1513/#1515–#1519/#1521/#1514 › #1513 tasks: live ListInspector selection is inert, keyboardable, and axe-clean
[228/503] tests/live/mega-2026-09-18-smoke.spec.ts:285:5 › Agent Tools — #1513/#1515–#1519/#1521/#1514 › #1513 webhooks: live ListInspector selection is inert, keyboardable, and axe-clean
[229/503] tests/live/mega-2026-09-18-smoke.spec.ts:285:5 › Agent Tools — #1513/#1515–#1519/#1521/#1514 › #1513 skills: live ListInspector selection is inert, keyboardable, and axe-clean
[230/503] tests/live/mega-2026-09-18-smoke.spec.ts:285:5 › Agent Tools — #1513/#1515–#1519/#1521/#1514 › #1513 playbooks: live ListInspector selection is inert, keyboardable, and axe-clean
[231/503] tests/live/mega-2026-09-18-smoke.spec.ts:285:5 › Agent Tools — #1513/#1515–#1519/#1521/#1514 › #1513 cookbook: live ListInspector selection is inert, keyboardable, and axe-clean
[232/503] tests/live/mega-2026-09-18-smoke.spec.ts:285:5 › Agent Tools — #1513/#1515–#1519/#1521/#1514 › #1513 review: live ListInspector selection is inert, keyboardable, and axe-clean
[233/503] tests/live/mega-2026-09-18-smoke.spec.ts:285:5 › Agent Tools — #1513/#1515–#1519/#1521/#1514 › #1513 report-card: live ListInspector selection is inert, keyboardable, and axe-clean
[234/503] tests/live/mega-2026-09-18-smoke.spec.ts:285:5 › Agent Tools — #1513/#1515–#1519/#1521/#1514 › #1513 email: live ListInspector selection is inert, keyboardable, and axe-clean
[235/503] tests/live/mega-2026-09-18-smoke.spec.ts:285:5 › Agent Tools — #1513/#1515–#1519/#1521/#1514 › #1513 gallery: live ListInspector selection is inert, keyboardable, and axe-clean
[236/503] tests/live/mega-2026-09-18-smoke.spec.ts:317:3 › Facilities — #1515 › live room rows select without mutation and meet the ListInspector contract
[237/503] tests/live/mega-2026-09-18-smoke.spec.ts:325:3 › Facilities — #1515 › creates, reads back, and deletes a marked room and reservation
[238/503] tests/live/mega-2026-09-18-smoke.spec.ts:365:3 › Messages — #1516 › live conversations select without mutation and meet the ListInspector contract
[239/503] tests/live/mega-2026-09-18-smoke.spec.ts:373:3 › Messages — #1516 › thread plus message create/read-back/delete cycle
[240/503] tests/live/mega-2026-09-18-smoke.spec.ts:380:3 › Projects — #1517 › live projects select without mutation and meet the ListInspector contract
[241/503] tests/live/mega-2026-09-18-smoke.spec.ts:388:3 › Projects — #1517 › creates, reads back, and deletes a marked project template
[242/503] tests/live/mega-2026-09-18-smoke.spec.ts:409:3 › Automations — #1518 › live rules select without mutation and meet the ListInspector contract
[243/503] tests/live/mega-2026-09-18-smoke.spec.ts:417:3 › Automations — #1518 › paused rule create/read-back/delete cycle
[244/503] tests/live/mega-2026-09-18-smoke.spec.ts:424:3 › Integrations — #1519 › provider selection is inert and the no-create panel cancels cleanly
[245/503] tests/live/mega-2026-09-18-smoke.spec.ts:441:3 › Settings — #1521 › selection is inert, axe-clean, and a device-local theme preference restores
[246/503] tests/live/mega-2026-09-18-smoke.spec.ts:461:3 › Agent Settings — #1514 › live sections are read-only under selection and meet the ListInspector contract
[247/503] tests/live/mega-2026-09-18-smoke.spec.ts:473:3 › Agents rail — #1511/#1512/#1522 › view options restore active sessions, compact rows, and avoid checkbox rows
[248/503] tests/live/mega-2026-09-18-smoke.spec.ts:490:3 › Agents rail — #1511/#1512/#1522 › loads one child-session page when live children exist
[249/503] tests/live/mega-2026-09-18-smoke.spec.ts:501:3 › Agents rail — #1511/#1512/#1522 › Cancel creates nothing; marked project creates, selects empty state, and is removed through DELETE /projects/:id
[250/503] tests/live/mega-2026-09-18-smoke.spec.ts:537:3 › Profiles — #1523 › groups, sticky footer, clean switching, and Advanced JSON render for existing profiles
[251/503] tests/live/mega-2026-09-18-smoke.spec.ts:558:3 › Profiles — #1523 › creates, edits, saves, reloads, and deletes only a marked profile
[252/503] tests/live/mega-2026-09-18-smoke.spec.ts:582:3 › Reading comfort — #1509 › live task rows keep the shipped typography and completion hit area
[253/503] tests/live/mega-2026-09-18-smoke.spec.ts:604:3 › Reading comfort — #1509 › live transcript body keeps line-height and the 840px/72ch reading measures
[254/503] tests/live/mega-2026-09-18-smoke.spec.ts:630:3 › Hermes browser boundary — #1542/#1541 › plain browser hides navigation and renders the disabled route state
[255/503] tests/live/mega-2026-09-18-smoke.spec.ts:641:3 › Advanced session directory fallback — #1496 › browser Browse is disabled while manual path entry works
[256/503] tests/live/mega-2026-09-18-smoke.spec.ts:665:3 › Persistent splitters — #1524 › Shell navigation exposes ARIA values, drags by 80px, and persists
[257/503] tests/live/mega-2026-09-18-smoke.spec.ts:680:3 › Persistent splitters — #1524 › Agents rail exposes ARIA values, drags by 80px, and persists
[258/503] tests/live/mega-2026-09-18-smoke.spec.ts:698:3 › Persistent splitters — #1524 › Settings ListInspector exposes ARIA values, drags by 80px, and persists
[259/503] tests/mega-smoke-ownership.spec.ts:6:1 › cleanup preserves previous runs and unrelated rows mentioning the smoke marker
[260/503] tests/mega-smoke-ownership.spec.ts:12:1 › cleanup recognizes only this invocation across the actual row naming fields
[261/503] tests/navigation-validation.spec.ts:5:3 › child navigation and accessible resizing › moves parent → child → grandchild and returns one parent at a time
[262/503] tests/navigation-validation.spec.ts:24:3 › child navigation and accessible resizing › resizes all panels from the keyboard with clamps and live values
[263/503] tests/navigation-validation.spec.ts:58:3 › attachment and @mention validation › adds, classifies, removes, rejects, and recovers deterministically
[264/503] tests/navigation-validation.spec.ts:87:3 › attachment and @mention validation › @mention wraps keyboard selection, removes the token, and recovers after Escape
[265/503] tests/navigation-validation.spec.ts:102:3 › attachment and @mention validation › @mention surfaces unsafe and missing-file failures without stale chips
[266/503] tests/pages/agent-settings-list-inspector.spec.ts:11:3 › Agent Settings list and inspector › selects different configuration sections and keeps scope visible
[267/503] tests/pages/agent-settings-list-inspector.spec.ts:27:3 › Agent Settings list and inspector › uses roving keyboard focus without changing selection until activation
[268/503] tests/pages/agent-settings-list-inspector.spec.ts:40:3 › Agent Settings list and inspector › restores a valid deep link and shows a clear state for a deleted id
[269/503] tests/pages/agent-settings-list-inspector.spec.ts:56:3 › Agent Settings list and inspector › keeps empty, loading, error, and read-only states usable
[270/503] tests/pages/agent-settings-list-inspector.spec.ts:78:3 › Agent Settings list and inspector › keeps every existing fixture action in the inspector
[271/503] tests/pages/agent-settings-list-inspector.spec.ts:94:3 › Agent Settings list and inspector › uses one pane at 640px and remains unclipped at 200% zoom
[272/503] tests/pages/agent-settings-list-inspector.spec.ts:116:3 › Agent Settings live persistence › authorizes an account, saves the default, and restores it after reload
[273/503] tests/pages/agent-settings-list-inspector.spec.ts:175:3 › Agent Settings live persistence › saves MCP server, credential, and OAuth changes and restores them after reload
[274/503] tests/pages/agent-tools-list-inspector.spec.ts:25:1 › issue-1513-c6: mouse and keyboard selection update each inspector
[275/503] tests/pages/agent-tools-list-inspector.spec.ts:63:1 › issue-1513-c5: every item action remains reachable from its inspector
[276/503] tests/pages/agent-tools-list-inspector.spec.ts:90:1 › issue-1513-c8: deep links restore selection and missing ids show not found
[277/503] tests/pages/agent-tools-list-inspector.spec.ts:108:1 › issue-1513-c7: edge states remain accessible at narrow width and 200 percent zoom
[278/503] tests/pages/automations-list-inspector.spec.ts:21:3 › Automations shared list and inspector › selects two rules without execution and exposes every item action in the inspector
[279/503] tests/pages/automations-list-inspector.spec.ts:62:3 › Automations shared list and inspector › supports roving keyboard focus and selection
[280/503] tests/pages/automations-list-inspector.spec.ts:78:3 › Automations shared list and inspector › restores selection, shows missing ids, and clears stale details after deletion
[281/503] tests/pages/automations-list-inspector.spec.ts:102:3 › Automations shared list and inspector › keeps loading, empty, error, and read-only states inside the shared surface
[282/503] tests/pages/automations-list-inspector.spec.ts:125:3 › Automations shared list and inspector › uses one narrow pane and remains usable at 200 percent zoom
[283/503] tests/pages/automations.spec.ts:15:1 › Automations click-through covers catalog creation, editing, confirmation-gated delete, preview, and resync
[284/503] tests/pages/automations.spec.ts:64:1 › Automations state and prerequisite journeys recover in place without external OAuth
[285/503] tests/pages/automations.spec.ts:88:1 › Automations is responsive and axe-clean across representative page, dialog, error, and readonly states
[286/503] tests/pages/dashboard.spec.ts:10:1 › Dashboard distributes the dense task week across its planning queues
[287/503] tests/pages/dashboard.spec.ts:19:1 › Dashboard click-through covers refresh, capture, inspectors, completion, handoff, and shortcuts
  26) tests/pages/dashboard.spec.ts:19:1 › Dashboard click-through covers refresh, capture, inspectors, completion, handoff, and shortcuts

    Error: expect(page).toHaveURL(expected) failed

    Expected pattern: /#\/projects$/
    Received string:  "http://127.0.0.1:4173/#/projects?projectId=project-instance-instance-sunday-service-2026-08-16"
    Timeout: 5000ms

    Call log:
      - Expect "toHaveURL" with timeout 5000ms
        14 × locator resolved to <html lang="en" data-theme="dark">…</html>
           - unexpected value "http://127.0.0.1:4173/#/projects?projectId=project-instance-instance-sunday-service-2026-08-16"


      53 |
      54 |   await page.getByTestId('open-projects').click();
    > 55 |   await expect(page).toHaveURL(/#\/projects$/);
         |                      ^
      56 |   await openPage(page, '/dashboard');
      57 |   await page.getByTestId('unread-preview-thread-weekend-team').click();
      58 |   await expect(page).toHaveURL(/#\/messages\/thread-weekend-team$/);
        at /Users/ajhochhalter/Documents/Rhythm/.mega-wt/integration/apps/web/tests/pages/dashboard.spec.ts:55:22

    attachment #1: screenshot (image/png) ──────────────────────────────────────────────────────────
    test-results/pages-dashboard-Dashboard--30e68-etion-handoff-and-shortcuts/test-failed-1.png
    ────────────────────────────────────────────────────────────────────────────────────────────────

    Error Context: test-results/pages-dashboard-Dashboard--30e68-etion-handoff-and-shortcuts/error-context.md

    attachment #3: trace (application/zip) ─────────────────────────────────────────────────────────
    test-results/pages-dashboard-Dashboard--30e68-etion-handoff-and-shortcuts/trace.zip
    Usage:

        npx playwright show-trace test-results/pages-dashboard-Dashboard--30e68-etion-handoff-and-shortcuts/trace.zip

    ────────────────────────────────────────────────────────────────────────────────────────────────


(node:66091) Warning: The 'NO_COLOR' env is ignored due to the 'FORCE_COLOR' env being set.
(Use `node --trace-warnings ...` to show where the warning was created)


[288/503] tests/pages/dashboard.spec.ts:62:3 › Dashboard ready representative state has no serious or critical axe violations
[289/503] tests/pages/dashboard.spec.ts:62:3 › Dashboard server-error representative state has no serious or critical axe violations
[290/503] tests/pages/dashboard.spec.ts:62:3 › Dashboard readonly representative state has no serious or critical axe violations
[291/503] tests/pages/dashboard.spec.ts:76:3 › Dashboard remains usable without horizontal overflow at 1024px
[292/503] tests/pages/dashboard.spec.ts:76:3 › Dashboard remains usable without horizontal overflow at 768px
[293/503] tests/pages/dashboard.spec.ts:76:3 › Dashboard remains usable without horizontal overflow at 390px
[294/503] tests/pages/dashboard.spec.ts:95:1 › Dashboard survives 200% text, RTL, forced colors, and reduced motion
[295/503] tests/pages/facilities-list-inspector.spec.ts:14:3 › Facilities shared list and inspector › selects two reservations and keeps details, editing, conflicts, and every item action in the inspector
[296/503] tests/pages/facilities-list-inspector.spec.ts:65:3 › Facilities shared list and inspector › roves keyboard focus without changing selection until Enter or Space
[297/503] tests/pages/facilities-list-inspector.spec.ts:80:3 › Facilities shared list and inspector › restores selection, preserves deep links, and shows stale or deleted IDs clearly
[298/503] tests/pages/facilities-list-inspector.spec.ts:101:3 › Facilities shared list and inspector › keeps empty, loading, error, and read-only states usable
  27) tests/pages/facilities-list-inspector.spec.ts:101:3 › Facilities shared list and inspector › keeps empty, loading, error, and read-only states usable

    Error: expect(locator).toContainText(expected) failed

    Locator: locator('.list-inspector-state[role="status"]')
    Expected substring: "Loading Facility reservations"
    Received string:    "Loading facilities"
    Timeout: 5000ms

    Call log:
      - Expect "toContainText" with timeout 5000ms
      - waiting for locator('.list-inspector-state[role="status"]')
        14 × locator resolved to <div role="status" aria-live="polite" aria-atomic="true" class="list-inspector-state">…</div>
           - unexpected value "Loading facilities"


      102 |     // Regression caught: page-level states previously removed the selectable shell and exposed stale details.
      103 |     await openPage(page, 'facilities', '?state=loading');
    > 104 |     await expect(page.locator('.list-inspector-state[role="status"]')).toContainText('Loading Facility reservations');
          |                                                                        ^
      105 |     await expect(page.getByTestId('facility-reservation-direct-editor')).toHaveCount(0);
      106 |
      107 |     await openPage(page, 'facilities', '?state=empty');
        at /Users/ajhochhalter/Documents/Rhythm/.mega-wt/integration/apps/web/tests/pages/facilities-list-inspector.spec.ts:104:72

    attachment #1: screenshot (image/png) ──────────────────────────────────────────────────────────
    test-results/pages-facilities-list-insp-c1c65-and-read-only-states-usable/test-failed-1.png
    ────────────────────────────────────────────────────────────────────────────────────────────────

    Error Context: test-results/pages-facilities-list-insp-c1c65-and-read-only-states-usable/error-context.md

    attachment #3: trace (application/zip) ─────────────────────────────────────────────────────────
    test-results/pages-facilities-list-insp-c1c65-and-read-only-states-usable/trace.zip
    Usage:

        npx playwright show-trace test-results/pages-facilities-list-insp-c1c65-and-read-only-states-usable/trace.zip

    ────────────────────────────────────────────────────────────────────────────────────────────────


(node:67252) Warning: The 'NO_COLOR' env is ignored due to the 'FORCE_COLOR' env being set.
(Use `node --trace-warnings ...` to show where the warning was created)


[299/503] tests/pages/facilities-list-inspector.spec.ts:123:3 › Facilities shared list and inspector › keeps long room names and inspector controls reachable at narrow width and 200% zoom
[300/503] tests/pages/facilities.spec.ts:17:1 › Facilities click-through covers schedule, reservation, room, and automation work
[301/503] tests/pages/facilities.spec.ts:60:1 › Facilities destructive confirmations cancel safely and identify their target
[302/503] tests/pages/facilities.spec.ts:72:1 › Facilities stays usable without horizontal overflow at required widths
[303/503] tests/pages/facilities.spec.ts:94:1 › Facilities representative ready, dialog, readonly, and error states are axe-clean
[304/503] tests/pages/hermes.spec.ts:37:1 › Hermes destination is hidden in a browser and its direct route explains enabling
[305/503] tests/pages/hermes.spec.ts:46:1 › Hermes disabled bridge hides the destination even if a stale status says ready
[306/503] tests/pages/hermes.spec.ts:58:3 › Hermes absent state is explicit and keeps the intent disabled
[307/503] tests/pages/hermes.spec.ts:58:3 › Hermes starting state is explicit and keeps the intent disabled
[308/503] tests/pages/hermes.spec.ts:58:3 › Hermes failed state is explicit and keeps the intent disabled
[309/503] tests/pages/hermes.spec.ts:58:3 › Hermes stopped state is explicit and keeps the intent disabled
[310/503] tests/pages/hermes.spec.ts:70:3 › Hermes install delegates to the native supervisor
[311/503] tests/pages/hermes.spec.ts:70:3 › Hermes restart delegates to the native supervisor
[312/503] tests/pages/hermes.spec.ts:79:1 › Hermes ready attaches, reports viewport bounds, and detaches on leaving
[313/503] tests/pages/hermes.spec.ts:98:1 › Hermes status changes tear down the ready view
[314/503] tests/pages/hermes.spec.ts:108:1 › Hermes changing the ready origin remounts its native host
[315/503] tests/pages/hermes.spec.ts:118:1 › Hermes asks only on click, sends a labelled bounded summary, and confirms the editable draft
[316/503] tests/pages/hermes.spec.ts:136:3 › Hermes rejectStatus shows a recoverable failure
[317/503] tests/pages/hermes.spec.ts:136:3 › Hermes rejectAttach shows a recoverable failure
[318/503] tests/pages/hermes.spec.ts:145:3 › Hermes disabled is accessible at narrow RTL and enlarged text
[319/503] tests/pages/hermes.spec.ts:145:3 › Hermes absent is accessible at narrow RTL and enlarged text
[320/503] tests/pages/hermes.spec.ts:145:3 › Hermes starting is accessible at narrow RTL and enlarged text
[321/503] tests/pages/hermes.spec.ts:145:3 › Hermes failed is accessible at narrow RTL and enlarged text
[322/503] tests/pages/hermes.spec.ts:145:3 › Hermes ready is accessible at narrow RTL and enlarged text
[323/503] tests/pages/integrations-list-inspector.spec.ts:18:1 › issue-1519-c1: rows expose compact provider identity and connection status
[324/503] tests/pages/integrations-list-inspector.spec.ts:31:1 › issue-1519-c2: selecting two entries swaps the inspector details
[325/503] tests/pages/integrations-list-inspector.spec.ts:43:1 › issue-1519-c3: every existing item action remains reachable from its inspector
[326/503] tests/pages/integrations-list-inspector.spec.ts:72:1 › issue-1519-c4: consent scopes stay distinct and selection is inert
[327/503] tests/pages/integrations-list-inspector.spec.ts:85:1 › issue-1519-c5: keyboard selection updates visible focus and selected state
[328/503] tests/pages/integrations-list-inspector.spec.ts:94:1 › issue-1519-c6: states narrow layout zoom long metadata and readonly inspection remain usable
[329/503] tests/pages/integrations-list-inspector.spec.ts:135:1 › issue-1519-c7: deep links and refresh restore the selected integration
[330/503] tests/pages/integrations.spec.ts:12:1 › Integrations click-through covers provider sync settings consent and deterministic import
[331/503] tests/pages/integrations.spec.ts:58:1 › Integrations state recovery partial failures and idempotent retries stay truthful
[332/503] tests/pages/integrations.spec.ts:80:1 › Integrations is responsive at 1024, 768, and 390 pixels
[333/503] tests/pages/integrations.spec.ts:99:1 › Integrations representative states and dialogs have no serious or critical axe violations
  28) tests/pages/integrations.spec.ts:99:1 › Integrations representative states and dialogs have no serious or critical axe violations

    Test timeout of 20000ms exceeded.

    attachment #1: screenshot (image/png) ──────────────────────────────────────────────────────────
    test-results/pages-integrations-Integra-39ef8--or-critical-axe-violations/test-failed-1.png
    ────────────────────────────────────────────────────────────────────────────────────────────────

    attachment #2: screenshot (image/png) ──────────────────────────────────────────────────────────
    test-results/pages-integrations-Integra-39ef8--or-critical-axe-violations/test-failed-2.png
    ────────────────────────────────────────────────────────────────────────────────────────────────

    Error Context: test-results/pages-integrations-Integra-39ef8--or-critical-axe-violations/error-context.md

    attachment #4: trace (application/zip) ─────────────────────────────────────────────────────────
    test-results/pages-integrations-Integra-39ef8--or-critical-axe-violations/trace.zip
    Usage:

        npx playwright show-trace test-results/pages-integrations-Integra-39ef8--or-critical-axe-violations/trace.zip

    ────────────────────────────────────────────────────────────────────────────────────────────────


(node:73889) Warning: The 'NO_COLOR' env is ignored due to the 'FORCE_COLOR' env being set.
(Use `node --trace-warnings ...` to show where the warning was created)


[334/503] tests/pages/messages-list-inspector.spec.ts:16:1 › Messages selects conversations with mouse and keyboard without mutating unread state
  29) tests/pages/messages-list-inspector.spec.ts:16:1 › Messages selects conversations with mouse and keyboard without mutating unread state

    Error: expect(locator).toHaveText(expected) failed

    Locator:  getByTestId('messages-unread-total')
    Expected: "6 unread threads"
    Received: "5 unread threads"
    Timeout:  5000ms

    Call log:
      - Expect "toHaveText" with timeout 5000ms
      - waiting for getByTestId('messages-unread-total')
        14 × locator resolved to <strong data-testid="messages-unread-total">5 unread threads</strong>
           - unexpected value "5 unread threads"


      21 |   await expectInspectorHeading(page, 'Weekend Team');
      22 |   await expect(page.getByTestId('messages-transcript')).toContainText('Final volunteer positions are ready.');
    > 23 |   await expect(page.getByTestId('messages-unread-total')).toHaveText('6 unread threads');
         |                                                           ^
      24 |
      25 |   await selectRow(page, longTitle);
      26 |   await expectInspectorHeading(page, longTitle);
        at /Users/ajhochhalter/Documents/Rhythm/.mega-wt/integration/apps/web/tests/pages/messages-list-inspector.spec.ts:23:59

    attachment #1: screenshot (image/png) ──────────────────────────────────────────────────────────
    test-results/pages-messages-list-inspec-2bd3c-thout-mutating-unread-state/test-failed-1.png
    ────────────────────────────────────────────────────────────────────────────────────────────────

    Error Context: test-results/pages-messages-list-inspec-2bd3c-thout-mutating-unread-state/error-context.md

    attachment #3: trace (application/zip) ─────────────────────────────────────────────────────────
    test-results/pages-messages-list-inspec-2bd3c-thout-mutating-unread-state/trace.zip
    Usage:

        npx playwright show-trace test-results/pages-messages-list-inspec-2bd3c-thout-mutating-unread-state/trace.zip

    ────────────────────────────────────────────────────────────────────────────────────────────────


(node:74358) Warning: The 'NO_COLOR' env is ignored due to the 'FORCE_COLOR' env being set.
(Use `node --trace-warnings ...` to show where the warning was created)


[335/503] tests/pages/messages-list-inspector.spec.ts:34:1 › Messages restores selection and uses the shared missing state after deletion
  30) tests/pages/messages-list-inspector.spec.ts:34:1 › Messages restores selection and uses the shared missing state after deletion

    Error: expect(page).toHaveURL(expected) failed

    Expected pattern: /threadId=thread-facilities-handoff/
    Received string:  "http://127.0.0.1:4173/#/messages/thread-facilities-handoff"
    Timeout: 5000ms

    Call log:
      - Expect "toHaveURL" with timeout 5000ms
        14 × locator resolved to <html lang="en" data-theme="dark">…</html>
           - unexpected value "http://127.0.0.1:4173/#/messages/thread-facilities-handoff"


      39 |
      40 |   await selectRow(page, longTitle);
    > 41 |   await expect(page).toHaveURL(/threadId=thread-facilities-handoff/);
         |                      ^
      42 |   await page.reload();
      43 |   await expectInspectorHeading(page, longTitle);
      44 |
        at /Users/ajhochhalter/Documents/Rhythm/.mega-wt/integration/apps/web/tests/pages/messages-list-inspector.spec.ts:41:22

    attachment #1: screenshot (image/png) ──────────────────────────────────────────────────────────
    test-results/pages-messages-list-inspec-d5fb9-issing-state-after-deletion/test-failed-1.png
    ────────────────────────────────────────────────────────────────────────────────────────────────

    Error Context: test-results/pages-messages-list-inspec-d5fb9-issing-state-after-deletion/error-context.md

    attachment #3: trace (application/zip) ─────────────────────────────────────────────────────────
    test-results/pages-messages-list-inspec-d5fb9-issing-state-after-deletion/trace.zip
    Usage:

        npx playwright show-trace test-results/pages-messages-list-inspec-d5fb9-issing-state-after-deletion/trace.zip

    ────────────────────────────────────────────────────────────────────────────────────────────────


(node:75059) Warning: The 'NO_COLOR' env is ignored due to the 'FORCE_COLOR' env being set.
(Use `node --trace-warnings ...` to show where the warning was created)


[336/503] tests/pages/messages-list-inspector.spec.ts:55:1 › Messages exposes empty, loading, error, and read-only states in the shared frame
[337/503] tests/pages/messages-list-inspector.spec.ts:75:1 › Messages keeps every item action and the composer inside the inspector
  31) tests/pages/messages-list-inspector.spec.ts:75:1 › Messages keeps every item action and the composer inside the inspector

    Error: expect(locator).toHaveText(expected) failed

    Locator:  getByTestId('messages-unread-total')
    Expected: "5 unread threads"
    Received: "6 unread threads"
    Timeout:  5000ms

    Call log:
      - Expect "toHaveText" with timeout 5000ms
      - waiting for getByTestId('messages-unread-total')
        14 × locator resolved to <strong data-testid="messages-unread-total">6 unread threads</strong>
           - unexpected value "6 unread threads"


      79 |   await page.getByTestId('messages-selected-thread-actions').click();
      80 |   await page.getByTestId(`messages-thread-toggle-${weekendThreadId}`).click();
    > 81 |   await expect(page.getByTestId('messages-unread-total')).toHaveText('5 unread threads');
         |                                                           ^
      82 |   await page.getByTestId('messages-selected-thread-actions').click();
      83 |   await page.getByTestId(`messages-thread-toggle-${weekendThreadId}`).click();
      84 |   await expect(page.getByTestId('messages-unread-total')).toHaveText('6 unread threads');
        at /Users/ajhochhalter/Documents/Rhythm/.mega-wt/integration/apps/web/tests/pages/messages-list-inspector.spec.ts:81:59

    attachment #1: screenshot (image/png) ──────────────────────────────────────────────────────────
    test-results/pages-messages-list-inspec-aaef6-mposer-inside-the-inspector/test-failed-1.png
    ────────────────────────────────────────────────────────────────────────────────────────────────

    Error Context: test-results/pages-messages-list-inspec-aaef6-mposer-inside-the-inspector/error-context.md

    attachment #3: trace (application/zip) ─────────────────────────────────────────────────────────
    test-results/pages-messages-list-inspec-aaef6-mposer-inside-the-inspector/trace.zip
    Usage:

        npx playwright show-trace test-results/pages-messages-list-inspec-aaef6-mposer-inside-the-inspector/trace.zip

    ────────────────────────────────────────────────────────────────────────────────────────────────


(node:75840) Warning: The 'NO_COLOR' env is ignored due to the 'FORCE_COLOR' env being set.
(Use `node --trace-warnings ...` to show where the warning was created)


[338/503] tests/pages/messages-list-inspector.spec.ts:116:1 › Messages remains usable at 640px, 200% zoom, and with long row metadata
[339/503] tests/pages/messages.spec.ts:14:1 › Messages click-through covers search, unread state, reply, incoming notice, and group creation
  32) tests/pages/messages.spec.ts:14:1 › Messages click-through covers search, unread state, reply, incoming notice, and group creation

    Error: expect(locator).toBeVisible() failed

    Locator: getByText('No results match your search.')
    Expected: visible
    Timeout: 5000ms
    Error: element(s) not found

    Call log:
      - Expect "toBeVisible" with timeout 5000ms
      - waiting for getByText('No results match your search.')


      20 |   await expect(page.getByTestId(`messages-thread-${weekendThreadId}`)).toBeVisible();
      21 |   await search.fill('missing title');
    > 22 |   await expect(page.getByText('No results match your search.')).toBeVisible();
         |                                                                 ^
      23 |   await search.fill('');
      24 |
      25 |   await selectRow(page, 'Weekend Team');
        at /Users/ajhochhalter/Documents/Rhythm/.mega-wt/integration/apps/web/tests/pages/messages.spec.ts:22:65

    attachment #1: screenshot (image/png) ──────────────────────────────────────────────────────────
    test-results/pages-messages-Messages-cl-13e14-g-notice-and-group-creation/test-failed-1.png
    ────────────────────────────────────────────────────────────────────────────────────────────────

    Error Context: test-results/pages-messages-Messages-cl-13e14-g-notice-and-group-creation/error-context.md

    attachment #3: trace (application/zip) ─────────────────────────────────────────────────────────
    test-results/pages-messages-Messages-cl-13e14-g-notice-and-group-creation/trace.zip
    Usage:

        npx playwright show-trace test-results/pages-messages-Messages-cl-13e14-g-notice-and-group-creation/trace.zip

    ────────────────────────────────────────────────────────────────────────────────────────────────


(node:76473) Warning: The 'NO_COLOR' env is ignored due to the 'FORCE_COLOR' env being set.
(Use `node --trace-warnings ...` to show where the warning was created)


[340/503] tests/pages/messages.spec.ts:55:1 › Messages mutation failures preserve reply and create drafts for truthful recovery
[341/503] tests/pages/messages.spec.ts:80:1 › Messages preserves state in the hash and recovers in place with an open draft
[342/503] tests/pages/messages.spec.ts:95:1 › Messages is responsive and axe-clean across representative states
[343/503] tests/pages/planner.spec.ts:25:1 › planner: density fixture adds fifteen tasks to every current-week day
[344/503] tests/pages/planner.spec.ts:37:1 › planner: full weekly planning journey
[345/503] tests/pages/planner.spec.ts:91:1 › planner: source-safe navigation and deterministic agent handoff
  33) tests/pages/planner.spec.ts:91:1 › planner: source-safe navigation and deterministic agent handoff

    Error: expect(page).toHaveURL(expected) failed

    Expected pattern: /#\/projects$/
    Received string:  "http://127.0.0.1:4173/#/projects?projectId=project-instance-instance-sunday-service-2026-08-16"
    Timeout: 5000ms

    Call log:
      - Expect "toHaveURL" with timeout 5000ms
        14 × locator resolved to <html lang="en" data-theme="dark">…</html>
           - unexpected value "http://127.0.0.1:4173/#/projects?projectId=project-instance-instance-sunday-service-2026-08-16"


       95 |   await expect(page.getByTestId('planner-add-collaborator')).toHaveCount(0);
       96 |   await page.getByTestId('planner-open-projects').click();
    >  97 |   await expect(page).toHaveURL(/#\/projects$/);
          |                      ^
       98 |
       99 |   await openPage(page, '/planner');
      100 |   await page.getByTestId('planner-task-task-wed').click();
        at /Users/ajhochhalter/Documents/Rhythm/.mega-wt/integration/apps/web/tests/pages/planner.spec.ts:97:22

    attachment #1: screenshot (image/png) ──────────────────────────────────────────────────────────
    test-results/pages-planner-planner-sour-2fcf1-deterministic-agent-handoff/test-failed-1.png
    ────────────────────────────────────────────────────────────────────────────────────────────────

    Error Context: test-results/pages-planner-planner-sour-2fcf1-deterministic-agent-handoff/error-context.md

    attachment #3: trace (application/zip) ─────────────────────────────────────────────────────────
    test-results/pages-planner-planner-sour-2fcf1-deterministic-agent-handoff/trace.zip
    Usage:

        npx playwright show-trace test-results/pages-planner-planner-sour-2fcf1-deterministic-agent-handoff/trace.zip

    ────────────────────────────────────────────────────────────────────────────────────────────────


(node:77949) Warning: The 'NO_COLOR' env is ignored due to the 'FORCE_COLOR' env being set.
(Use `node --trace-warnings ...` to show where the warning was created)


[346/503] tests/pages/planner.spec.ts:107:3 › planner: responsive at 1024px
[347/503] tests/pages/planner.spec.ts:107:3 › planner: responsive at 768px
[348/503] tests/pages/planner.spec.ts:107:3 › planner: responsive at 390px
[349/503] tests/pages/planner.spec.ts:118:3 › planner: axe scan for ready
[350/503] tests/pages/planner.spec.ts:118:3 › planner: axe scan for readonly
[351/503] tests/pages/planner.spec.ts:118:3 › planner: axe scan for server-error
[352/503] tests/pages/projects-list-inspector.spec.ts:20:3 › Projects shared list and inspector › selects templates and active projects while keeping every item action in the inspector
[353/503] tests/pages/projects-list-inspector.spec.ts:55:3 › Projects shared list and inspector › supports roving keyboard focus and selection across groups
[354/503] tests/pages/projects-list-inspector.spec.ts:66:3 › Projects shared list and inspector › restores selection, shows missing and deleted ids, and never leaves stale actions
[355/503] tests/pages/projects-list-inspector.spec.ts:88:3 › Projects shared list and inspector › prompts before selection discards an unsaved step edit
[356/503] tests/pages/projects-list-inspector.spec.ts:111:3 › Projects shared list and inspector › retains empty, loading, error recovery, and read-only inspection states
[357/503] tests/pages/projects-list-inspector.spec.ts:140:3 › Projects shared list and inspector › uses one pane at 640px and keeps long content and actions available at 200% zoom
[358/503] tests/pages/projects.spec.ts:16:1 › Projects click-through covers templates, generation, steps, people, milestones, inspection, completion, and deletion
[359/503] tests/pages/projects.spec.ts:82:1 › Projects recovery and permission states preserve URL state, truthful prerequisites, and inspection
[360/503] tests/pages/projects.spec.ts:102:1 › Projects is responsive and axe-clean across representative surfaces and dialogs
[361/503] tests/pages/rhythms.spec.ts:24:1 › Rhythms click-through covers selection, create, edit, pause, collaborators, delete, and recovery
[362/503] tests/pages/rhythms.spec.ts:70:1 › Rhythms shared and readonly rules remain inspectable without mutation
[363/503] tests/pages/rhythms.spec.ts:86:3 › Rhythms is responsive at 1024px
[364/503] tests/pages/rhythms.spec.ts:86:3 › Rhythms is responsive at 768px
[365/503] tests/pages/rhythms.spec.ts:86:3 › Rhythms is responsive at 390px
[366/503] tests/pages/rhythms.spec.ts:99:3 › Rhythms axe scan for ready
[367/503] tests/pages/rhythms.spec.ts:99:3 › Rhythms axe scan for server-error
[368/503] tests/pages/rhythms.spec.ts:99:3 › Rhythms axe scan for readonly
[369/503] tests/pages/rhythms.spec.ts:105:1 › Rhythms create dialog and localized content survive 200 percent text and RTL
[370/503] tests/pages/settings-list-inspector.spec.ts:19:1 › issue-1521-c1: main Settings renders through the shared list-and-inspector primitive
[371/503] tests/pages/settings-list-inspector.spec.ts:32:1 › issue-1521-c2: rows stay compact while two selections show their full inspectors
[372/503] tests/pages/settings-list-inspector.spec.ts:56:1 › issue-1521-c3: every existing Settings action is reachable from an inspector
[373/503] tests/pages/settings-list-inspector.spec.ts:104:1 › issue-1521-c4: device preferences persist per account and workspace values come from the gateway
[374/503] tests/pages/settings-list-inspector.spec.ts:125:1 › issue-1521-c5: selection is inert and staff permissions remain read-only
[375/503] tests/pages/settings-list-inspector.spec.ts:142:1 › issue-1521-c6: related destination rows navigate without duplicating editors
[376/503] tests/pages/settings-list-inspector.spec.ts:157:1 › issue-1521-c7: keyboard, narrow, zoom, focus, and axe behavior remain usable
[377/503] tests/pages/settings-list-inspector.spec.ts:189:1 › issue-1521-c8: loading error empty missing and unsaved states are explicit
[378/503] tests/pages/tasks.spec.ts:13:1 › Tasks renders all fifteen dense fixtures for every current-week date
[379/503] tests/pages/tasks.spec.ts:23:1 › Tasks click-through covers filtering, creation, editing, collaborators, board movement, and delete
[380/503] tests/pages/tasks.spec.ts:76:1 › Tasks permission and recovery states keep the truthful prerequisite boundary
[381/503] tests/pages/tasks.spec.ts:95:1 › Tasks is responsive and axe-clean in representative list, board, inspector, error, and readonly states
[382/503] tests/parity-edge-cases.spec.ts:6:3 › remaining Flutter parity edge cases › navigates nested child sessions and returns one parent at a time
[383/503] tests/parity-edge-cases.spec.ts:20:3 › remaining Flutter parity edge cases › matches Flutter keyboard resizing semantics for every desktop separator
[384/503] tests/parity-edge-cases.spec.ts:49:3 › remaining Flutter parity edge cases › validates attachments and mentions with observable recovery
[385/503] tests/parity-edge-cases.spec.ts:92:3 › remaining Flutter parity edge cases › exposes every deterministic state on every Tool destination
[386/503] tests/parity-edge-cases.spec.ts:118:3 › remaining Flutter parity edge cases › keeps core controls reachable at compact width, 200 percent scale, long content, and RTL
[387/503] tests/parity-edge-cases.spec.ts:154:3 › remaining Flutter parity edge cases › preserves accessible names, focus visibility, and blocking WCAG checks in edge states
[388/503] tests/profiles-editor-redesign.spec.ts:5:1 › editor hierarchy, save/cancel and profile switching keep drafts on their original profile
[389/503] tests/profiles-editor-redesign.spec.ts:35:1 › create, duplicate and back also protect a dirty draft; rename waits for Save
[390/503] tests/profiles-editor-redesign.spec.ts:51:1 › choosing a default during an edit does not get overwritten by Save
[391/503] tests/profiles-editor-redesign.spec.ts:62:1 › capability summaries, disclosure, filtering and bulk edits retain individual choices
[392/503] tests/profiles-editor-redesign.spec.ts:86:1 › structured permissions preserve advanced JSON, patterns and explicit defaults through save/readback
[393/503] tests/profiles-editor-redesign.spec.ts:109:1 › invalid names and JSON prevent saving without losing the draft
[394/503] tests/profiles-editor-redesign.spec.ts:126:1 › read-only profiles allow inspection with every edit and immediate action disabled
[395/503] tests/profiles-editor-redesign.spec.ts:139:1 › small windows, 200 percent zoom equivalent, RTL and long text keep controls reachable above the footer
[396/503] tests/profiles-editor-redesign.spec.ts:228:1 › canonical fixture: inheritance, large catalogs, grouped selection and policy survive gateway readback
[397/503] tests/profiles-editor-redesign.spec.ts:257:1 › canonical fixture: advanced MCP server policy is warned, locked, and preserved through unrelated saves
[398/503] tests/profiles-editor-redesign.spec.ts:271:1 › canonical fixture: pending save blocks switching and a failure retains the original draft for retry
[399/503] tests/profiles-editor-redesign.spec.ts:293:1 › live profile save survives a full UI reload
[400/503] tests/reading-comfort-1509.spec.ts:122:3 › dark: grouped open tasks omit repeated status and date while preserving meaningful metadata
[401/503] tests/reading-comfort-1509.spec.ts:144:3 › dark: task typography, contrast and distinct interaction states
[402/503] tests/reading-comfort-1509.spec.ts:194:3 › dark: chat body, secondary labels, actions and bounded reading width
[403/503] tests/reading-comfort-1509.spec.ts:225:3 › dark: comparison captures with identical fixtures and pane arrangement
[404/503] tests/reading-comfort-1509.spec.ts:122:3 › light: grouped open tasks omit repeated status and date while preserving meaningful metadata
[405/503] tests/reading-comfort-1509.spec.ts:144:3 › light: task typography, contrast and distinct interaction states
[406/503] tests/reading-comfort-1509.spec.ts:194:3 › light: chat body, secondary labels, actions and bounded reading width
[407/503] tests/reading-comfort-1509.spec.ts:225:3 › light: comparison captures with identical fixtures and pane arrangement
[408/503] tests/reading-comfort-1509.spec.ts:241:3 › narrow RTL: long task names wrap and controls stay usable
[409/503] tests/reading-comfort-1509.spec.ts:271:3 › narrow RTL: markdown, paragraphs, selection, tool expansion and copy
[410/503] tests/reading-comfort-1509.spec.ts:241:3 › 200% zoom: long task names wrap and controls stay usable
[411/503] tests/reading-comfort-1509.spec.ts:271:3 › 200% zoom: markdown, paragraphs, selection, tool expansion and copy
[412/503] tests/resilience-map-a11y.spec.ts:7:3 › determinism, contracts, accessibility, and control audit › loads every required deterministic demo state and resets fixtures
[413/503] tests/resilience-map-a11y.spec.ts:20:3 › determinism, contracts, accessibility, and control audit › renders and searches the complete endpoint map
[414/503] tests/resilience-map-a11y.spec.ts:47:3 › determinism, contracts, accessibility, and control audit › supports a keyboard-only critical path and visible focus
[415/503] tests/resilience-map-a11y.spec.ts:73:3 › determinism, contracts, accessibility, and control audit › has no serious or critical automated accessibility violations
[416/503] tests/resilience-map-a11y.spec.ts:80:3 › determinism, contracts, accessibility, and control audit › activates every visible primary workbench control with an observable result
[417/503] tests/responsive-a11y.spec.ts:17:3 › compact desktop keeps the complete Agents workspace reachable without page overflow
[418/503] tests/responsive-a11y.spec.ts:17:3 › tablet portrait keeps the complete Agents workspace reachable without page overflow
[419/503] tests/responsive-a11y.spec.ts:17:3 › mobile-ish keeps the complete Agents workspace reachable without page overflow
[420/503] tests/responsive-a11y.spec.ts:39:3 › touch, text, direction, and contrast resilience › uses 44px touch targets for every visible enabled workbench control
[421/503] tests/responsive-a11y.spec.ts:50:3 › touch, text, direction, and contrast resilience › wraps long RTL, CJK, and emoji content without hiding core controls
[422/503] tests/responsive-a11y.spec.ts:63:3 › touch, text, direction, and contrast resilience › retains focus visibility and contrast semantics in forced-colors mode
[423/503] tests/responsive-a11y.spec.ts:77:1 › supports 200% text scaling without obscuring primary actions
[424/503] tests/responsive-a11y.spec.ts:89:1 › keyboard menus and dialogs restore focus without trapping the page
[425/503] tests/screenshot-sweep.spec.ts:12:1 › screenshot sweep: widths, 200% text, RTL, forced colors
[426/503] tests/secondary-tool-paths.spec.ts:9:1 › exercises every secondary Tool path with exact endpoint-ledger receipts
[427/503] tests/sessions/session-live-lifecycle.live.spec.ts:229:1 › engine-session-live-lifecycle-c4-c9: real UI creates, streams, reloads, and hard-deletes a nonce session
[428/503] tests/sessions.spec.ts:5:3 › session rail and lifecycle › creates an instant chat and an advanced session
[429/503] tests/sessions.spec.ts:43:3 › session rail and lifecycle › filters, sorts, switches scopes, and selects a session
[430/503] tests/sessions.spec.ts:61:3 › session rail and lifecycle › archives, restores, resumes, cancels, and permanently deletes
[431/503] tests/settings-behavior-1521.spec.ts:4:1 › issue-1521 review: saved send key controls Composer and survives reload
[432/503] tests/shell.spec.ts:7:3 › product shell › renders and toggles theme when Studio storage access is sandboxed
  34) tests/shell.spec.ts:7:3 › product shell › renders and toggles theme when Studio storage access is sandboxed

    Error: expect(locator).toBeVisible() failed

    Locator: locator('[data-testid="studio-sandbox"]').contentFrame().getByTestId('connection-status')
    Expected: visible
    Timeout: 5000ms
    Error: element(s) not found

    Call log:
      - Expect "toBeVisible" with timeout 5000ms
      - waiting for locator('[data-testid="studio-sandbox"]').contentFrame().getByTestId('connection-status')


      11 |
      12 |     const studio = page.frameLocator('[data-testid="studio-sandbox"]');
    > 13 |     await expect(studio.getByTestId('connection-status')).toBeVisible();
         |                                                           ^
      14 |     await expect(studio.locator('html')).toHaveAttribute('data-theme', 'dark');
      15 |     await studio.getByTestId('account-button').click();
      16 |     await studio.getByTestId('theme-toggle').click();
        at /Users/ajhochhalter/Documents/Rhythm/.mega-wt/integration/apps/web/tests/shell.spec.ts:13:59

    attachment #1: screenshot (image/png) ──────────────────────────────────────────────────────────
    test-results/shell-product-shell-render-6de83-storage-access-is-sandboxed/test-failed-1.png
    ────────────────────────────────────────────────────────────────────────────────────────────────

    Error Context: test-results/shell-product-shell-render-6de83-storage-access-is-sandboxed/error-context.md

    attachment #3: trace (application/zip) ─────────────────────────────────────────────────────────
    test-results/shell-product-shell-render-6de83-storage-access-is-sandboxed/trace.zip
    Usage:

        npx playwright show-trace test-results/shell-product-shell-render-6de83-storage-access-is-sandboxed/trace.zip

    ────────────────────────────────────────────────────────────────────────────────────────────────


(node:90899) Warning: The 'NO_COLOR' env is ignored due to the 'FORCE_COLOR' env being set.
(Use `node --trace-warnings ...` to show where the warning was created)


[433/503] tests/shell.spec.ts:21:3 › product shell › navigates the shell and uses the responsive More overflow
[434/503] tests/shell.spec.ts:36:3 › product shell › opens activity, notifications, account, theme, and endpoint controls
[435/503] tests/splitter.spec.ts:71:5 › shared Splitter › Agents exposes a bounded separator whose size persists
[436/503] tests/splitter.spec.ts:71:5 › shared Splitter › Dashboard exposes a bounded separator whose size persists
[437/503] tests/splitter.spec.ts:71:5 › shared Splitter › Planner week exposes a bounded separator whose size persists
[438/503] tests/splitter.spec.ts:71:5 › shared Splitter › Tasks list detail exposes a bounded separator whose size persists
[439/503] tests/splitter.spec.ts:71:5 › shared Splitter › Tasks board exposes a bounded separator whose size persists
[440/503] tests/splitter.spec.ts:71:5 › shared Splitter › Rhythms exposes a bounded separator whose size persists
[441/503] tests/splitter.spec.ts:71:5 › shared Splitter › Projects templates exposes a bounded separator whose size persists
[442/503] tests/splitter.spec.ts:71:5 › shared Splitter › Projects instances exposes a bounded separator whose size persists
[443/503] tests/splitter.spec.ts:71:5 › shared Splitter › Messages exposes a bounded separator whose size persists
[444/503] tests/splitter.spec.ts:71:5 › shared Splitter › Facilities reservations exposes a bounded separator whose size persists
[445/503] tests/splitter.spec.ts:71:5 › shared Splitter › Facilities rooms exposes a bounded separator whose size persists
[446/503] tests/splitter.spec.ts:71:5 › shared Splitter › Automations exposes a bounded separator whose size persists
[447/503] tests/splitter.spec.ts:71:5 › shared Splitter › Integrations exposes a bounded separator whose size persists
[448/503] tests/splitter.spec.ts:71:5 › shared Splitter › Profiles exposes a bounded separator whose size persists
[449/503] tests/splitter.spec.ts:71:5 › shared Splitter › Endpoint Map exposes a bounded separator whose size persists
[450/503] tests/splitter.spec.ts:71:5 › shared Splitter › Hermes exposes a bounded separator whose size persists
[451/503] tests/splitter.spec.ts:71:5 › shared Splitter › Mobile Access exposes a bounded separator whose size persists
[452/503] tests/splitter.spec.ts:71:5 › shared Splitter › Settings exposes a bounded separator whose size persists
[453/503] tests/splitter.spec.ts:71:5 › shared Splitter › Brain tool exposes a bounded separator whose size persists
[454/503] tests/splitter.spec.ts:71:5 › shared Splitter › Deep Research tool exposes a bounded separator whose size persists
[455/503] tests/splitter.spec.ts:71:5 › shared Splitter › Tasks tool exposes a bounded separator whose size persists
[456/503] tests/splitter.spec.ts:71:5 › shared Splitter › Webhooks tool exposes a bounded separator whose size persists
[457/503] tests/splitter.spec.ts:71:5 › shared Splitter › Skills tool exposes a bounded separator whose size persists
[458/503] tests/splitter.spec.ts:71:5 › shared Splitter › Playbooks tool exposes a bounded separator whose size persists
[459/503] tests/splitter.spec.ts:71:5 › shared Splitter › Cookbook tool exposes a bounded separator whose size persists
[460/503] tests/splitter.spec.ts:71:5 › shared Splitter › Review Queue tool exposes a bounded separator whose size persists
[461/503] tests/splitter.spec.ts:71:5 › shared Splitter › Report Card tool exposes a bounded separator whose size persists
[462/503] tests/splitter.spec.ts:71:5 › shared Splitter › Email tool exposes a bounded separator whose size persists
[463/503] tests/splitter.spec.ts:71:5 › shared Splitter › Gallery tool exposes a bounded separator whose size persists
[464/503] tests/splitter.spec.ts:71:5 › shared Splitter › Agent Settings tool exposes a bounded separator whose size persists
[465/503] tests/splitter.spec.ts:71:5 › shared Splitter › Unknown route recovery exposes a bounded separator whose size persists
[466/503] tests/splitter.spec.ts:96:3 › shared Splitter › pointer drag resizes a ListInspector pane and persists across reload
[467/503] tests/splitter.spec.ts:111:3 › shared Splitter › keyboard resizing uses shared steps, bounds, values, and reset
[468/503] tests/splitter.spec.ts:148:3 › shared Splitter › nested horizontal and vertical splitters remain independent
[469/503] tests/splitter.spec.ts:179:3 › shared Splitter › pointercancel releases capture, text selection, and drag listeners
[470/503] tests/splitter.spec.ts:198:3 › shared Splitter › Settings reset clears every layout preference and restores mounted defaults
[471/503] tests/splitter.spec.ts:235:3 › shared Splitter › Agents and ListInspector routes both expose named separators
[472/503] tests/task-density-fixtures.spec.ts:7:1 › the canonical dense week reaches every ordinary-task fixture surface
[473/503] tests/tasks/task-live-lifecycle.fixture.spec.ts:4:1 › task-live-lifecycle-c6: fixture lifecycle remains deterministic and network-free
[474/503] tests/tasks/task-live-lifecycle.fixture.spec.ts:30:1 › task-live-lifecycle-c7: shared and owner tasks discriminate delete availability
[475/503] tests/tasks/task-live-lifecycle.fixture.spec.ts:39:1 › issue-1475-c6: Electron/web moves tasks to Deferred after Done and excludes them from Open
[476/503] tests/tasks/task-live-lifecycle.live.spec.ts:53:1 › task-live-lifecycle-c1: visible UI persists create edit complete reload and delete through the live task gateway
[477/503] tests/tool-state-matrix.spec.ts:21:3 › brain: deterministic loading, empty, error, recovery, permission, unavailable, and read-only states
[478/503] tests/tool-state-matrix.spec.ts:21:3 › deep-research: deterministic loading, empty, error, recovery, permission, unavailable, and read-only states
[479/503] tests/tool-state-matrix.spec.ts:21:3 › tasks: deterministic loading, empty, error, recovery, permission, unavailable, and read-only states
[480/503] tests/tool-state-matrix.spec.ts:21:3 › webhooks: deterministic loading, empty, error, recovery, permission, unavailable, and read-only states
[481/503] tests/tool-state-matrix.spec.ts:21:3 › skills: deterministic loading, empty, error, recovery, permission, unavailable, and read-only states
[482/503] tests/tool-state-matrix.spec.ts:21:3 › playbooks: deterministic loading, empty, error, recovery, permission, unavailable, and read-only states
[483/503] tests/tool-state-matrix.spec.ts:21:3 › cookbook: deterministic loading, empty, error, recovery, permission, unavailable, and read-only states
[484/503] tests/tool-state-matrix.spec.ts:21:3 › review: deterministic loading, empty, error, recovery, permission, unavailable, and read-only states
[485/503] tests/tool-state-matrix.spec.ts:21:3 › report-card: deterministic loading, empty, error, recovery, permission, unavailable, and read-only states
[486/503] tests/tool-state-matrix.spec.ts:21:3 › email: deterministic loading, empty, error, recovery, permission, unavailable, and read-only states
[487/503] tests/tool-state-matrix.spec.ts:21:3 › gallery: deterministic loading, empty, error, recovery, permission, unavailable, and read-only states
[488/503] tests/tool-state-matrix.spec.ts:21:3 › agent-settings: deterministic loading, empty, error, recovery, permission, unavailable, and read-only states
[489/503] tests/tools.spec.ts:11:3 › shipping-shaped Agents tools › searches, expands, edits, and deletes Brain memories
[490/503] tests/tools.spec.ts:28:3 › shipping-shaped Agents tools › creates projects and exercises research run, retry, copy, archive, export, and discussion paths
[491/503] tests/tools.spec.ts:54:3 › shipping-shaped Agents tools › creates, edits, toggles, triggers, and deletes schedules; creates and revokes webhooks
[492/503] tests/tools.spec.ts:84:3 › shipping-shaped Agents tools › authors, edits, refreshes, and deletes managed skills and playbooks
[493/503] tests/tools.spec.ts:104:3 › shipping-shaped Agents tools › runs Cookbook recipes and preserves the Review Queue human gate
[494/503] tests/tools.spec.ts:132:3 › shipping-shaped Agents tools › filters Report Card detail and launches Email and Creative Media sessions with seeded context
[495/503] tests/tools.spec.ts:156:3 › shipping-shaped Agents tools › keeps constrained header actions reachable and disables every unresumable composer control
[496/503] tests/tools.spec.ts:186:3 › shipping-shaped Agents tools › audits every Agents tool page for named controls, real state changes, and blocking accessibility violations
(node:97501) Warning: The 'NO_COLOR' env is ignored due to the 'FORCE_COLOR' env being set.
(Use `node --trace-warnings ...` to show where the warning was created)


[497/503] tests/live-demo-state-leak.spec.ts:59:1 › c1/c2/c4/c5 live demo URL and actions cannot replace real transcripts or select fixture IDs
[498/503] tests/live-demo-state-leak.spec.ts:85:1 › c1/c3/c5 fixture resumable remains available but stale demo cannot mask live selection
[499/503] tests/live-demo-state-leak.spec.ts:104:13 › c3 fixture resumable control renders its distinct state
[500/503] tests/live-demo-state-leak.spec.ts:104:13 › c3 fixture empty control renders its distinct state
[501/503] tests/live-demo-state-leak.spec.ts:104:13 › c3 fixture loading control renders its distinct state
[502/503] tests/live-demo-state-leak.spec.ts:104:13 › c3 fixture no-provider control renders its distinct state
[503/503] tests/live-demo-state-leak.spec.ts:120:1 › c6 isolated live API and engine stay healthy with demo URL
  34 failed
    tests/contract/daily-work-planner-20260912.spec.ts:39:40 › planner-p1-c1: light project labels meet normal-text contrast
    tests/contract/daily-work-planner-20260912.spec.ts:39:40 › planner-p1-c1: dark project labels meet normal-text contrast
    tests/contract/daily-work-planner-20260912.spec.ts:224:1 › planner-redesign-c3 desktop: seven visible headings and seven dense rows, without sacrificing title width
    tests/contract/issue-2001-dashboard.spec.ts:121:1 › issue-2001-c8: Planner Projects Messages and thread shortcuts use exact routes
    tests/contract/issue-2005-projects.spec.ts:349:1 › issue-2005-c13: projects remains responsive at required widths text scale and rtl
    tests/contract/issue-2006-messages.spec.ts:32:1 › issue-2006-c2: search filters deterministic threads without changing the six unread baseline
    tests/contract/issue-2006-messages.spec.ts:53:1 › issue-2006-c3: state matrix no-results and invalid links expose deterministic recovery
    tests/contract/issue-2006-messages.spec.ts:86:1 › issue-2006-c4: controls are live receipt-honest and restore focus
    tests/contract/issue-2006-messages.spec.ts:113:1 › issue-2006-c5: visible ledger records exact message endpoint receipts and excludes client-only controls
    tests/contract/issue-2006-messages.spec.ts:206:1 › issue-2006-c8: fixture isolation blocks external I O and reload resets the seed
    tests/contract/issue-2006-messages.spec.ts:228:1 › issue-2006-c9: selecting and deep linking hydrate the correct conversation and read state
    tests/contract/issue-2006-messages.spec.ts:248:1 › issue-2006-c10: new thread validates supported fields creates once and selects the result
    tests/contract/issue-2006-messages.spec.ts:302:1 › issue-2006-c12: mark read and unread synchronize thread page and shell badges
    tests/contract/issue-2006-messages.spec.ts:326:1 › issue-2006-c13: thread rename and delete are functional and selection safe
    tests/contract/issue-2007-facilities.spec.ts:58:1 › issue-2007-c2: overview range filters indicators and availability match Flutter
    tests/contract/issue-2007-facilities.spec.ts:134:1 › issue-2007-c4: linked room groups expose partial success and edit summaries
    tests/contract/issue-2007-facilities.spec.ts:168:1 › issue-2007-c5: reservation edit delete and ownership gates stay truthful
    tests/contract/issue-2007-facilities.spec.ts:268:1 › issue-2007-c8: manager facility CRUD validates fields and updates room inventory
    tests/contract/issue-2007-facilities.spec.ts:303:1 › issue-2007-c9: room inventory detail booking and manager controls match Flutter
    tests/contract/issue-2007-facilities.spec.ts:356:1 › issue-2007-c11: facilities state matrix exposes recovery permission and empty boundaries
    tests/contract/issue-2007-facilities.spec.ts:390:1 › issue-2007-c12: enabled controls are live identifiable and receipt honest
    tests/contract/issue-2007-facilities.spec.ts:451:1 › issue-2007-c14: facilities remains responsive across required presentation modes
    tests/contract/issue-2009-integrations.spec.ts:55:1 › issue-2009-c3: deterministic state matrix remains actionable and readonly is native
    tests/contract/issue-2009-integrations.spec.ts:153:1 › issue-2009-c7: integrations remains responsive under required presentation modes
    tests/contract/issue-2009-integrations.spec.ts:309:1 › issue-2009-c13: assistant Google consent remains separate and fixture safe
    tests/pages/dashboard.spec.ts:19:1 › Dashboard click-through covers refresh, capture, inspectors, completion, handoff, and shortcuts
    tests/pages/facilities-list-inspector.spec.ts:101:3 › Facilities shared list and inspector › keeps empty, loading, error, and read-only states usable
    tests/pages/integrations.spec.ts:99:1 › Integrations representative states and dialogs have no serious or critical axe violations
    tests/pages/messages-list-inspector.spec.ts:16:1 › Messages selects conversations with mouse and keyboard without mutating unread state
    tests/pages/messages-list-inspector.spec.ts:34:1 › Messages restores selection and uses the shared missing state after deletion
    tests/pages/messages-list-inspector.spec.ts:75:1 › Messages keeps every item action and the composer inside the inspector
    tests/pages/messages.spec.ts:14:1 › Messages click-through covers search, unread state, reply, incoming notice, and group creation
    tests/pages/planner.spec.ts:91:1 › planner: source-safe navigation and deterministic agent handoff
    tests/shell.spec.ts:7:3 › product shell › renders and toggles theme when Studio storage access is sandboxed
  47 skipped
  422 passed (23.5m)
